[1,["69vExBAb5C3JJtwu4ylU58@f9941","a3SbNRczRD+pjMKsmWMMHi@f9941","7dj5uJT9FMn6OrOOx83tfK@f9941","7dj5uJT9FMn6OrOOx83tfK@6c48a","b8GU98ZbZKlYvGEK49ZyQj@f9941","20g1ukYUVPvKWKBRznAKo+@f9941","54TknWPwVPqJqeCR+Y/Czo@f9941","95EkngnxZFbYuFpsqVTaFr@f9941"],["node","_spriteFrame","_textureSource","root","_placeholderLabel","_textLabel","_target","data","_backgroundImage","_normalSprite","_hoverSprite","_pressedSprite","_disabledSprite"],[["cc.Node",["_name","_layer","_active","_objFlags","_components","_prefab","_parent","_lpos","_children","_lscale"],-1,9,4,1,5,2,5],["cc.Label",["_string","_actualFontSize","_fontSize","_isBold","_overflow","_enableWrapText","_horizontalAlign","_lineHeight","node","__prefab","_color"],-5,1,4,5],["cc.UITransform",["node","__prefab","_contentSize","_anchorPoint"],3,1,4,5,5],["cc.Sprite",["_sizeMode","_type","node","__prefab","_spriteFrame","_color"],1,1,4,6,5],["cc.Node",["_name","_layer","_active","_parent","_components","_prefab","_lpos"],0,1,12,4,5],"cc.SpriteFrame",["cc.Prefab",["_name"],2],["cc.CompPrefabInfo",["fileId"],2],["6a9416k9P9Ko6vPykKnEfhn",["node","__prefab"],3,1,4],["cc.PrefabInfo",["fileId","root","asset"],2,1,1],["cc.EditBox",["_returnType","_inputFlag","_inputMode","_maxLength","node","__prefab","_textLabel","_placeholderLabel","_backgroundImage"],-1,1,4,1,1,6],["cc.Button",["_transition","_zoomScale","node","__prefab","_normalColor","_target","_normalSprite","_hoverSprite","_pressedSprite","_disabledSprite"],1,1,4,5,1,6,6,6,6]],[[7,0,2],[9,0,1,2,2],[2,0,1,2,1],[0,0,1,6,4,5,7,3],[3,1,0,2,3,5,4,3],[2,0,1,2,3,1],[0,0,1,6,4,5,3],[3,0,2,3,5,4,2],[1,0,1,2,8,9,4],[6,0,2],[0,0,8,4,5,2],[0,0,1,6,8,4,5,3],[0,0,1,6,8,4,5,7,3],[0,0,2,1,6,8,4,5,7,4],[0,0,3,2,1,6,8,4,5,7,9,5],[0,0,3,1,6,4,5,7,4],[0,0,2,1,6,4,5,7,4],[4,0,2,1,3,4,5,6,4],[4,0,1,3,4,5,6,3],[2,0,1,1],[8,0,1,1],[3,0,2,3,4,2],[10,0,1,2,3,4,5,6,7,8,5],[11,0,1,2,3,4,5,6,7,8,9,3],[1,0,1,2,3,8,9,10,5],[1,0,1,2,4,5,3,8,9,7],[1,0,6,1,2,3,8,9,6],[1,0,1,2,4,5,8,9,6],[1,0,6,1,2,7,4,5,8,9,8]],[[[{"name":"default_sprite_splash","rect":{"x":0,"y":0,"width":2,"height":2},"offset":{"x":0,"y":0},"originalSize":{"width":2,"height":2},"rotated":false,"capInsets":[0,0,0,0],"texture":"7d8f9b89-4fd1-4c9f-a3ab-38ec7cded7ca@6c48a","packable":true}],[5],0,[0],[2],[3]],[[[9,"login"],[10,"login",[-4,-5,-6,-7,-8,-9,-10,-11,-12],[[19,-2,[0,"86wbD9/fdIV551+d7zOah3"]],[20,-3,[0,"e0OmD0XAZAdI1bbX5TzC2r"]]],[1,"1fon6Lqw9HmKNJXGWkBYQV",-1,0]],[11,"ed_inputPin",33554432,1,[-18,-19],[[2,-13,[0,"1fhJOVuOVAGYSYZoiE25Uz"],[5,400,90]],[4,1,0,-14,[0,"43qH95z3VGeYelCElKd6FW"],[4,4280953386],2],[22,1,0,2,8,-17,[0,"1bCHrwPGZOPrbmPh93kwpe"],-16,-15,3]],[1,"e0ie24jedIc6mdoSzLQut8",1,0]],[12,"btn_enter",33554432,1,[-24],[[2,-20,[0,"98TYGMtwRBTYZZn4EZmhzJ"],[5,253,98]],[4,1,0,-21,[0,"77BcV1zfNHo4LI4KRqZupe"],[4,4292269782],5],[23,1,0.8,-23,[0,"2fOwBXUwBNvaJ4NyyrOq4C"],[4,4292269782],-22,6,7,8,9]],[1,"93gecHeSZMZrZ3PHlAhtze",1,0],[1,0,-121.649,0]],[13,"spr_message",false,33554432,1,[-27],[[2,-25,[0,"f7NISe7HdAD68SLfhnddy8"],[5,500,200]],[7,0,-26,[0,"e71ctEmpxFC4KlSYRZNz/a"],[4,4280953386],11]],[1,"f1104bUjtFd7uhnzu+Drl3",1,0],[1,0,-348.22,0]],[14,"lbNotice",512,false,33554432,1,[-30],[[2,-28,[0,"c68UOAlNhN171Umca6yVvF"],[5,78.9,50.4]],[24,"Notice : ",20,20,true,-29,[0,"2frm37uaJHQr0AEEaYyM82"],[4,4278244607]]],[1,"87zvaajPtB15GA40C6goEl",1,0],[1,-230,-220,0],[1,2,2,1]],[6,"background",33554432,1,[[2,-31,[0,"f7NISe7HdAD68SLfhnddy8"],[5,2048,1536]],[21,0,-32,[0,"e71ctEmpxFC4KlSYRZNz/a"],0]],[1,"19omEYO65Beplp2HG3NyzA",1,0]],[3,"spr_inputBackground",33554432,1,[[2,-33,[0,"f7NISe7HdAD68SLfhnddy8"],[5,400,90]],[4,1,0,-34,[0,"43qH95z3VGeYelCElKd6FW"],[4,1795162112],1]],[1,"81OXmjOP1BIpSLRHuJrjqq",1,0],[1,5,-4.746,0]],[17,"TEXT_LABEL",false,33554432,2,[[[5,-35,[0,"779kAXGTtMZKXfYlOg0Tfd"],[5,398,90],[0,0,1]],-36],4,1],[1,"64kxZ8VAZHppYQ9Yq9OiRT",1,0],[1,-198,45,0]],[18,"PLACEHOLDER_LABEL",33554432,2,[[[5,-37,[0,"d07wQj4whCUqYGJH1lEpVp"],[5,398,90],[0,0,1]],-38],4,1],[1,"3b9j0HiqhCB4fl94zHPC1A",1,0],[1,-198,45,0]],[3,"spr_enterBackground",33554432,1,[[2,-39,[0,"f7NISe7HdAD68SLfhnddy8"],[5,253,98]],[4,1,0,-40,[0,"43qH95z3VGeYelCElKd6FW"],[4,1795162112],4]],[1,"b0coHctfpD65I1hepQO9kS",1,0],[1,6,-127.649,0]],[15,"Label",512,33554432,3,[[2,-41,[0,"07QMd0h1dLcYd/vjigaip6"],[5,228.777,74.902]],[25,"Enter",32,32,2,false,true,-42,[0,"ee3IZdy2dLIaAWpjI7P0FL"]]],[1,"dc0UHErHBBMrcuAJ1u/I4X",1,0],[1,-0.601,-0.241,0]],[3,"lb_PIN",33554432,1,[[2,-43,[0,"c68UOAlNhN171Umca6yVvF"],[5,72.89,50.4]],[26,"PIN :",2,32,32,true,-44,[0,"2frm37uaJHQr0AEEaYyM82"]]],[1,"3dY9Rfw49DEKS65M44u9yv",1,0],[1,-119.254,3.288,0]],[16,"spr_message-001",false,33554432,1,[[2,-45,[0,"f7NISe7HdAD68SLfhnddy8"],[5,500,200]],[7,0,-46,[0,"e71ctEmpxFC4KlSYRZNz/a"],[4,1795162112],10]],[1,"c9ftI78bhLbqIaBicXUtDi",1,0],[1,4.513,-352.169,0]],[6,"Label",33554432,4,[[2,-47,[0,"c68UOAlNhN171Umca6yVvF"],[5,146.73,50.4]],[8,"Message...",30,30,-48,[0,"2frm37uaJHQr0AEEaYyM82"]]],[1,"596D/CxyRNPJ2ParBYs/KG",1,0]],[3,"lbMsg",33554432,5,[[5,-49,[0,"c68UOAlNhN171Umca6yVvF"],[5,126.74,50.4],[0,0,0.5]],[8,"message here",20,20,-50,[0,"2frm37uaJHQr0AEEaYyM82"]]],[1,"4fz5JzIw1Owq+WAjWuL8lJ",1,0],[1,40,0,0]],[27,"",32,32,1,false,8,[0,"ddIY+NJvlDTIQAg7PLVrGo"]],[28," Enter PIN here...",0,32,32,90,1,false,9,[0,"8fhi7qRLFJbK0abIJuXmCW"]]],0,[0,3,1,0,0,1,0,0,1,0,-1,6,0,-2,7,0,-3,2,0,-4,10,0,-5,3,0,-6,12,0,-7,13,0,-8,4,0,-9,5,0,0,2,0,0,2,0,4,17,0,5,16,0,0,2,0,-1,8,0,-2,9,0,0,3,0,0,3,0,6,3,0,0,3,0,-1,11,0,0,4,0,0,4,0,-1,14,0,0,5,0,0,5,0,-1,15,0,0,6,0,0,6,0,0,7,0,0,7,0,0,8,0,-2,16,0,0,9,0,-2,17,0,0,10,0,0,10,0,0,11,0,0,11,0,0,12,0,0,12,0,0,13,0,0,13,0,0,14,0,0,14,0,0,15,0,0,15,0,7,1,50],[0,0,0,0,0,0,0,0,0,0,0,0],[1,1,1,8,1,1,9,10,11,12,1,1],[4,0,0,0,1,1,1,5,6,7,2,2]]]]
