-- MySQL dump 10.13  Distrib 8.0.30, for Win64 (x86_64)
--
-- Host: localhost    Database: holdem
-- ------------------------------------------------------
-- Server version	8.0.30

/*!40101 SET @OLD_CHARACTER_SET_CLIENT=@@CHARACTER_SET_CLIENT */;
/*!40101 SET @OLD_CHARACTER_SET_RESULTS=@@CHARACTER_SET_RESULTS */;
/*!40101 SET @OLD_COLLATION_CONNECTION=@@COLLATION_CONNECTION */;
/*!50503 SET NAMES utf8 */;
/*!40103 SET @OLD_TIME_ZONE=@@TIME_ZONE */;
/*!40103 SET TIME_ZONE='+00:00' */;
/*!40014 SET @OLD_UNIQUE_CHECKS=@@UNIQUE_CHECKS, UNIQUE_CHECKS=0 */;
/*!40014 SET @OLD_FOREIGN_KEY_CHECKS=@@FOREIGN_KEY_CHECKS, FOREIGN_KEY_CHECKS=0 */;
/*!40101 SET @OLD_SQL_MODE=@@SQL_MODE, SQL_MODE='NO_AUTO_VALUE_ON_ZERO' */;
/*!40111 SET @OLD_SQL_NOTES=@@SQL_NOTES, SQL_NOTES=0 */;

--
-- Table structure for table `admin_table`
--

DROP TABLE IF EXISTS `admin_table`;
/*!40101 SET @saved_cs_client     = @@character_set_client */;
/*!50503 SET character_set_client = utf8mb4 */;
CREATE TABLE `admin_table` (
  `id` int unsigned NOT NULL AUTO_INCREMENT,
  `code` varchar(8) CHARACTER SET utf8mb3 COLLATE utf8mb3_general_ci NOT NULL,
  `type` tinyint(1) NOT NULL,
  `name` varchar(12) CHARACTER SET utf8mb3 COLLATE utf8mb3_general_ci NOT NULL,
  `country` tinyint(1) NOT NULL DEFAULT '0',
  `phone` varchar(20) CHARACTER SET utf8mb3 COLLATE utf8mb3_general_ci DEFAULT '',
  `status` tinyint(1) NOT NULL DEFAULT '0',
  `loginCount` int unsigned NOT NULL DEFAULT '0',
  `spendTime` bigint unsigned NOT NULL DEFAULT '0',
  `disable` tinyint(1) NOT NULL DEFAULT '0',
  `updateDate` datetime NOT NULL DEFAULT CURRENT_TIMESTAMP,
  `createDate` datetime NOT NULL DEFAULT CURRENT_TIMESTAMP,
  PRIMARY KEY (`id`,`code`)
) ENGINE=InnoDB AUTO_INCREMENT=40 DEFAULT CHARSET=utf8mb4 COLLATE=utf8mb4_general_ci;
/*!40101 SET character_set_client = @saved_cs_client */;

--
-- Dumping data for table `admin_table`
--

LOCK TABLES `admin_table` WRITE;
/*!40000 ALTER TABLE `admin_table` DISABLE KEYS */;
INSERT INTO `admin_table` VALUES (32,'2742',5,'admin1',0,'',1,162,0,0,'2022-03-17 14:28:35','2021-12-09 03:19:12'),(33,'4875',4,'admin2',0,'',1,119,0,0,'2022-02-08 17:55:49','2021-12-09 03:19:12'),(34,'2691',4,'admin3',0,'',1,45,0,0,'2022-01-06 19:43:28','2021-12-09 03:19:12'),(35,'78442516',3,'operator',0,'',1,6,0,0,'2021-12-15 11:28:06','2021-12-09 03:19:12'),(36,'75260094',2,'manager',0,'',0,0,0,0,'2021-12-09 03:19:12','2021-12-09 03:19:12'),(37,'12022820',1,'cashier',0,'',0,0,0,0,'2021-12-09 03:19:12','2021-12-09 03:19:12'),(38,'38295539',3,'oper1',0,'',1,9,0,0,'2022-01-05 20:49:15','2021-12-18 18:08:16'),(39,'84938817',3,'oper2',0,'',1,2,0,0,'2021-12-18 18:22:12','2021-12-18 18:08:32');
/*!40000 ALTER TABLE `admin_table` ENABLE KEYS */;
UNLOCK TABLES;

--
-- Table structure for table `buyin_table`
--

DROP TABLE IF EXISTS `buyin_table`;
/*!40101 SET @saved_cs_client     = @@character_set_client */;
/*!50503 SET character_set_client = utf8mb4 */;
CREATE TABLE `buyin_table` (
  `id` int NOT NULL AUTO_INCREMENT,
  `adminID` int NOT NULL,
  `userID` int NOT NULL,
  `roomID` int NOT NULL,
  `name` varchar(24) CHARACTER SET utf8mb3 COLLATE utf8mb3_general_ci NOT NULL,
  `oldBalance` int unsigned NOT NULL,
  `balance` int unsigned NOT NULL,
  `oldChip` int unsigned NOT NULL,
  `chip` int unsigned NOT NULL,
  `amount` int unsigned NOT NULL,
  `createDate` datetime NOT NULL DEFAULT CURRENT_TIMESTAMP,
  PRIMARY KEY (`id`)
) ENGINE=InnoDB AUTO_INCREMENT=930 DEFAULT CHARSET=utf8mb4 COLLATE=utf8mb4_general_ci;
/*!40101 SET character_set_client = @saved_cs_client */;

--
-- Dumping data for table `buyin_table`
--

LOCK TABLES `buyin_table` WRITE;
/*!40000 ALTER TABLE `buyin_table` DISABLE KEYS */;
INSERT INTO `buyin_table` VALUES (221,32,38,50,'GON NG',100000,80000,0,20000,20000,'2021-12-21 19:06:33'),(222,32,35,50,'DAVID SON',100000,80000,0,20000,20000,'2021-12-21 19:19:04'),(223,32,36,50,'SY CHOI',100000,80000,0,20000,20000,'2021-12-21 19:20:08'),(224,38,56,117,'JOSH KIM',100000,70000,0,30000,30000,'2021-12-21 20:02:21'),(225,38,59,117,'GON NAMGUNG',100000,70000,0,30000,30000,'2021-12-21 20:02:33'),(226,38,58,117,'JAY CHANG',100000,70000,0,30000,30000,'2021-12-21 20:02:38'),(227,38,57,117,'CY YOUN',100000,70000,0,30000,30000,'2021-12-21 20:02:47'),(228,38,61,117,'DAVID SON',100000,80200,0,19800,19800,'2021-12-21 20:03:01'),(229,38,61,117,'DAVID SON',80200,70250,16150,26100,9950,'2021-12-21 20:20:49'),(230,38,61,117,'DAVID SON',70250,40250,0,30000,30000,'2021-12-21 20:25:50'),(231,38,56,117,'JOSH KIM',100000,70000,0,30000,30000,'2021-12-21 20:26:28'),(232,38,61,117,'DAVID SON',40250,38750,28500,30000,1500,'2021-12-21 20:31:18'),(233,38,56,117,'JOSH KIM',70000,67300,27300,30000,2700,'2021-12-21 20:31:25'),(234,38,61,117,'DAVID SON',38750,30550,21800,30000,8200,'2021-12-21 21:04:43'),(235,38,58,117,'JAY CHANG',70000,40000,0,30000,30000,'2021-12-21 21:09:33'),(236,38,59,117,'GON NAMGUNG',70000,40000,0,30000,30000,'2021-12-21 21:15:48'),(237,38,71,117,'POKAHONTA SMITH',100000,70000,0,30000,30000,'2021-12-21 21:16:21'),(238,38,58,117,'JAY CHANG',40000,10000,0,30000,30000,'2021-12-21 21:35:26'),(239,38,61,117,'DAVID SON',130550,101750,1200,30000,28800,'2021-12-21 21:37:57'),(240,38,71,117,'POKAHONTA SMITH',70000,49750,9750,30000,20250,'2021-12-21 21:40:10'),(241,38,59,117,'GON NAMGUNG',40000,20400,0,19600,19600,'2021-12-21 21:56:11'),(242,38,58,117,'JAY CHANG',10000,0,0,10000,10000,'2021-12-21 21:56:11'),(243,38,71,117,'POKAHONTA SMITH',49750,19750,0,30000,30000,'2021-12-21 21:56:12'),(244,38,61,117,'DAVID SON',101750,90650,4000,15100,11100,'2021-12-21 22:01:29'),(245,38,61,117,'DAVID SON',90650,75750,10600,25500,14900,'2021-12-21 22:03:15'),(246,38,71,117,'POKAHONTA SMITH',19750,11800,20550,28500,7950,'2021-12-21 22:04:39'),(247,38,71,117,'POKAHONTA SMITH',11800,10000,28200,30000,1800,'2021-12-21 22:05:05'),(248,38,61,117,'DAVID SON',75750,70950,20850,25650,4800,'2021-12-21 22:05:48'),(249,38,61,117,'DAVID SON',70950,63300,16500,24150,7650,'2021-12-21 22:11:06'),(250,38,61,117,'DAVID SON',63300,57450,22050,27900,5850,'2021-12-21 22:12:12'),(251,38,59,117,'GON NAMGUNG',20400,0,0,20400,20400,'2021-12-21 22:13:51'),(252,38,71,117,'POKAHONTA SMITH',10000,0,14750,24750,10000,'2021-12-21 22:18:53'),(253,38,58,117,'JAY CHANG',100000,70000,0,30000,30000,'2021-12-21 22:20:50'),(254,38,59,117,'GON NAMGUNG',100000,70000,0,30000,30000,'2021-12-21 22:27:44'),(255,38,59,117,'GON NAMGUNG',70000,40000,0,30000,30000,'2021-12-21 22:35:46'),(256,38,56,119,'JOSH KIM',50000,0,0,50000,50000,'2021-12-22 20:14:16'),(257,38,72,119,'SUNG PAK',50000,0,0,50000,50000,'2021-12-22 20:15:35'),(258,34,50,118,'JAY CHANG',80000,60000,0,20000,20000,'2021-12-23 14:24:22'),(259,34,53,118,'JJ CHANG',100000,80000,0,20000,20000,'2021-12-23 14:27:49'),(260,34,53,120,'JJ CHANG',98100,78100,0,20000,20000,'2021-12-23 14:56:17'),(261,34,53,118,'JJ CHANG',99000,79000,0,20000,20000,'2021-12-27 06:51:44'),(262,34,50,118,'JAY CHANG',78200,58200,0,20000,20000,'2021-12-27 06:53:17'),(263,34,50,121,'JAY CHANG',58200,38100,19900,40000,20100,'2021-12-27 07:09:17'),(264,38,74,122,'SPOODY BE',50000,30000,0,20000,20000,'2022-01-04 17:33:28'),(265,38,74,122,'SPOODY BE',30000,0,24550,54550,30000,'2022-01-04 17:39:53'),(266,38,75,123,'LASH SIM',50000,20000,0,30000,30000,'2022-01-05 20:59:18'),(267,38,75,123,'LASH SIM',20000,0,0,20000,20000,'2022-01-05 21:05:18'),(268,38,75,123,'LASH SIM',30000,19900,20000,30100,10100,'2022-01-05 21:06:22'),(269,38,75,123,'LASH SIM',50000,20000,0,30000,30000,'2022-01-05 21:18:11'),(270,38,56,123,'JOSH KIM',52850,22850,0,30000,30000,'2022-01-05 21:18:26'),(271,38,75,123,'LASH SIM',72100,42100,0,30000,30000,'2022-01-05 21:20:58'),(272,38,56,123,'JOSH KIM',22850,150,7300,30000,22700,'2022-01-05 21:21:03'),(273,38,56,123,'JOSH KIM',150,0,29600,29750,150,'2022-01-05 21:23:36'),(274,32,38,50,'GON NG',99700,79700,0,20000,20000,'2022-01-17 21:28:17'),(275,32,47,50,'DAVID SON',100000,80000,0,20000,20000,'2022-01-17 22:16:03'),(276,32,38,50,'GON NG',79700,71370,11670,20000,8330,'2022-01-24 03:40:52'),(277,32,47,50,'DAVID SON',80000,78000,18000,20000,2000,'2022-01-24 03:40:55'),(278,32,47,3,'DAVID SON',78000,58250,250,20000,19750,'2022-01-24 03:52:07'),(279,32,43,50,'CG YOUN',885555,865555,0,20000,20000,'2022-01-25 20:32:35'),(280,32,38,128,'GON NG',109470,89470,0,20000,20000,'2022-02-03 21:58:46'),(281,32,38,129,'GON NG',109420,89420,0,20000,20000,'2022-02-03 21:58:55'),(282,32,38,128,'GON NG',109220,89220,0,20000,20000,'2022-02-04 00:45:01'),(283,32,36,128,'SY CHOI',106000,86000,0,20000,20000,'2022-02-04 00:45:44'),(284,32,47,128,'DAVID SON',58250,38250,0,20000,20000,'2022-02-04 00:46:44'),(285,32,36,128,'SY CHOI',124000,104000,0,20000,20000,'2022-02-04 00:47:16'),(286,32,36,128,'SY CHOI',104000,84000,0,20000,20000,'2022-02-04 00:48:08'),(287,32,35,128,'DAVID SON',106000,86000,0,20000,20000,'2022-02-04 00:49:22'),(288,32,38,128,'GON NG',89220,69220,0,20000,20000,'2022-02-04 00:51:54'),(289,32,36,128,'SY CHOI',84000,64000,0,20000,20000,'2022-02-04 00:53:45'),(290,32,47,128,'DAVID SON',98200,78200,0,20000,20000,'2022-02-04 00:58:24'),(291,32,35,128,'DAVID SON',125750,105750,0,20000,20000,'2022-02-04 00:58:39'),(292,32,38,128,'GON NG',69220,49220,0,20000,20000,'2022-02-04 01:01:57'),(293,32,35,128,'DAVID SON',105750,85750,0,20000,20000,'2022-02-04 01:01:59'),(294,32,36,128,'SY CHOI',64550,44550,0,20000,20000,'2022-02-04 01:08:47'),(295,32,38,128,'GON NG',69070,49070,0,20000,20000,'2022-02-04 01:08:51'),(296,32,38,128,'GON NG',49070,37870,0,11200,11200,'2022-02-04 01:12:01'),(297,32,35,128,'DAVID SON',85750,65750,0,20000,20000,'2022-02-04 01:12:30'),(298,32,38,128,'GON NG',37870,17870,0,20000,20000,'2022-02-04 01:47:35'),(299,32,36,128,'SY CHOI',44550,33300,8750,20000,11250,'2022-02-04 01:47:45'),(300,32,36,128,'SY CHOI',53350,33350,0,20000,20000,'2022-02-04 01:50:47'),(301,32,38,128,'GON NG',37570,17570,0,20000,20000,'2022-02-04 03:54:16'),(302,32,47,128,'DAVID SON',214500,194500,0,20000,20000,'2022-02-04 03:54:20'),(303,32,36,128,'SY CHOI',53000,33000,0,20000,20000,'2022-02-04 03:54:24'),(304,32,36,128,'SY CHOI',52950,32950,0,20000,20000,'2022-02-04 03:54:45'),(305,32,36,128,'SY CHOI',52900,32900,0,20000,20000,'2022-02-04 03:54:58'),(306,32,38,128,'GON NG',37570,17570,0,20000,20000,'2022-02-07 01:05:34'),(307,32,47,128,'DAVID SON',214400,194400,0,20000,20000,'2022-02-07 01:05:39'),(308,32,36,128,'SY CHOI',52850,32850,0,20000,20000,'2022-02-07 01:13:04'),(309,33,38,139,'GON NG',800000,350000,0,450000,450000,'2022-02-08 20:15:30'),(310,33,38,139,'GON NG',800000,350000,0,450000,450000,'2022-02-08 20:47:59'),(311,33,35,139,'DAVID SON',909500,484800,25300,450000,424700,'2022-02-08 20:48:05'),(312,33,38,139,'GON NG',800000,350000,0,450000,450000,'2022-02-08 20:52:15'),(313,33,35,139,'DAVID SON',934800,510100,25300,450000,424700,'2022-02-08 20:52:21'),(314,33,38,139,'GON NG',350000,0,0,350000,350000,'2022-02-08 20:53:22'),(315,33,35,139,'DAVID SON',510100,85400,25300,450000,424700,'2022-02-08 20:53:30'),(316,33,38,139,'GON NG',800001,350001,0,450000,450000,'2022-02-08 20:55:02'),(317,33,35,139,'DAVID SON',900000,475300,25300,450000,424700,'2022-02-08 20:55:05'),(318,33,38,139,'GON NG',800001,350001,0,450000,450000,'2022-02-08 20:57:18'),(319,33,35,139,'DAVID SON',925300,500600,25300,450000,424700,'2022-02-08 20:57:21'),(320,33,38,139,'GON NG',350001,0,0,350001,350001,'2022-02-08 20:59:08'),(321,33,35,139,'DAVID SON',500600,75900,25300,450000,424700,'2022-02-08 20:59:12'),(322,33,38,139,'GON NG',350001,0,0,350001,350001,'2022-02-08 20:59:56'),(323,33,35,139,'DAVID SON',525900,101200,25300,450000,424700,'2022-02-08 21:00:01'),(324,33,38,139,'GON NG',346801,0,0,346801,346801,'2022-02-08 21:02:56'),(325,33,35,139,'DAVID SON',546700,122000,25300,450000,424700,'2022-02-08 21:02:58'),(326,33,38,139,'GON NG',342301,0,0,342301,342301,'2022-02-08 21:04:47'),(327,33,35,139,'DAVID SON',568800,144100,25300,450000,424700,'2022-02-08 21:04:50'),(328,32,38,129,'GON NG',702002,682002,0,20000,20000,'2022-02-08 21:14:56'),(329,33,38,139,'GON NG',703002,253002,0,450000,450000,'2022-02-10 19:57:18'),(330,33,38,139,'GON NG',703002,253002,0,450000,450000,'2022-02-10 19:57:51'),(331,32,38,129,'GON NG',703002,683002,0,20000,20000,'2022-02-10 19:58:06'),(332,33,38,140,'GON NG',702802,697802,0,5000,5000,'2022-02-10 20:03:08'),(333,33,38,140,'GON NG',702802,697802,0,5000,5000,'2022-02-10 20:03:22'),(334,33,38,140,'GON NG',702802,697802,0,5000,5000,'2022-02-10 20:03:58'),(335,33,38,140,'GON NG',702802,697802,0,5000,5000,'2022-02-10 20:04:08'),(336,33,38,140,'GON NG',702802,697802,0,5000,5000,'2022-02-10 20:08:51'),(337,32,38,128,'GON NG',702782,682782,0,20000,20000,'2022-02-10 20:59:44'),(338,32,35,128,'DAVID SON',258099,238099,0,20000,20000,'2022-02-10 20:59:49'),(339,32,38,128,'GON NG',702732,682732,0,20000,20000,'2022-02-10 21:05:44'),(340,32,35,128,'DAVID SON',258149,238149,0,20000,20000,'2022-02-10 21:05:50'),(341,32,38,129,'GON NG',703032,683032,0,20000,20000,'2022-02-10 21:09:38'),(342,32,35,129,'DAVID SON',257849,241049,0,16800,16800,'2022-02-10 21:09:51'),(343,32,38,128,'GON NG',702732,682732,0,20000,20000,'2022-02-10 21:11:31'),(344,32,35,128,'DAVID SON',257749,237749,0,20000,20000,'2022-02-10 21:11:42'),(345,32,38,128,'GON NG',702632,682632,0,20000,20000,'2022-02-11 00:41:37'),(346,32,36,128,'SY CHOI',52900,32900,0,20000,20000,'2022-02-11 00:41:44'),(347,32,35,128,'DAVID SON',257849,237849,0,20000,20000,'2022-02-11 00:41:45'),(348,32,38,128,'GON NG',702782,682782,0,20000,20000,'2022-02-11 00:47:05'),(349,32,38,128,'GON NG',702682,682682,0,20000,20000,'2022-02-11 00:49:51'),(350,32,38,128,'GON NG',702582,682582,0,20000,20000,'2022-02-11 00:50:58'),(351,32,38,128,'GON NG',702582,682582,0,20000,20000,'2022-02-11 01:40:33'),(352,32,35,128,'DAVID SON',257599,237599,0,20000,20000,'2022-02-11 01:40:35'),(353,32,36,128,'SY CHOI',52950,32950,0,20000,20000,'2022-02-11 01:40:37'),(354,32,35,128,'DAVID SON',257499,237499,0,20000,20000,'2022-02-11 02:11:35'),(355,32,36,128,'SY CHOI',52850,32850,0,20000,20000,'2022-02-11 02:11:36'),(356,32,36,128,'SY CHOI',52850,32850,0,20000,20000,'2022-02-11 02:11:45'),(357,32,35,128,'DAVID SON',257499,237499,0,20000,20000,'2022-02-11 02:11:49'),(358,33,38,140,'GON NG',702482,697482,0,5000,5000,'2022-02-14 03:47:04'),(359,32,38,128,'GON NG',702462,682462,0,20000,20000,'2022-02-14 21:54:17'),(360,32,38,128,'GON NG',702462,682462,0,20000,20000,'2022-02-14 21:58:35'),(361,32,38,128,'GON NG',702462,682462,0,20000,20000,'2022-02-14 22:02:54'),(362,34,35,141,'DAVID SON',257499,187499,0,70000,70000,'2022-02-16 03:49:06'),(363,34,38,141,'GON NG',702462,632462,0,70000,70000,'2022-02-16 03:49:09'),(364,34,35,141,'DAVID SON',247329,177329,0,70000,70000,'2022-02-16 21:23:02'),(365,34,38,141,'GON NG',678312,608312,0,70000,70000,'2022-02-16 21:23:06'),(366,34,38,141,'GON NG',678312,608312,0,70000,70000,'2022-02-16 21:23:26'),(367,34,38,141,'GON NG',678312,608312,0,70000,70000,'2022-02-16 21:52:33'),(368,34,38,142,'GON NG',678312,608312,0,70000,70000,'2022-02-18 02:36:46'),(369,34,47,142,'DAVID SON',194400,124400,0,70000,70000,'2022-02-18 02:38:05'),(370,34,35,142,'DAVID SON',247329,177329,0,70000,70000,'2022-02-21 01:24:26'),(371,34,38,142,'GON NG',678312,608312,0,70000,70000,'2022-02-21 01:24:30'),(372,34,38,142,'GON NG',678312,608312,0,70000,70000,'2022-02-21 01:59:42'),(373,34,38,142,'GON NG',678312,608312,0,70000,70000,'2022-02-21 01:59:53'),(374,34,38,142,'GON NG',678312,608312,0,70000,70000,'2022-02-21 02:43:53'),(375,34,38,142,'GON NG',678312,608312,0,70000,70000,'2022-02-21 02:44:18'),(376,34,38,141,'GON NG',678312,608312,0,70000,70000,'2022-02-21 21:01:20'),(377,34,38,141,'GON NG',676212,606212,0,70000,70000,'2022-02-21 21:07:09'),(378,34,35,141,'DAVID SON',249219,179219,0,70000,70000,'2022-02-21 21:07:13'),(379,34,35,141,'DAVID SON',249849,179849,0,70000,70000,'2022-02-21 21:54:54'),(380,34,38,141,'GON NG',675512,605512,0,70000,70000,'2022-02-21 21:55:00'),(381,34,38,141,'GON NG',674742,604742,0,70000,70000,'2022-02-21 22:03:33'),(382,34,35,141,'DAVID SON',249479,179479,0,70000,70000,'2022-02-21 22:03:37'),(383,34,38,142,'GON NG',675952,605952,0,70000,70000,'2022-02-23 00:48:17'),(384,34,35,142,'DAVID SON',247079,177079,0,70000,70000,'2022-02-23 00:48:24'),(385,34,38,141,'GON NG',677752,607752,0,70000,70000,'2022-02-25 00:30:13'),(386,34,35,141,'DAVID SON',245279,175279,0,70000,70000,'2022-02-25 00:30:16'),(387,34,35,141,'DAVID SON',280579,270579,0,10000,10000,'2023-02-23 00:40:13'),(388,34,35,141,'DAVID SON',280579,270579,0,10000,10000,'2023-02-23 00:45:28'),(389,34,35,141,'DAVID SON',280579,270579,0,10000,10000,'2023-02-23 03:11:34'),(390,34,35,141,'DAVID SON',280579,270579,0,10000,10000,'2023-02-23 03:19:54'),(391,34,35,141,'DAVID SON',280579,270579,0,10000,10000,'2023-02-23 20:46:31'),(392,34,35,141,'DAVID SON',280579,270579,0,10000,10000,'2023-02-23 21:04:34'),(393,34,35,141,'DAVID SON',280579,270579,0,10000,10000,'2023-02-23 22:20:42'),(394,34,35,141,'DAVID SON',280579,270579,0,10000,10000,'2023-02-23 22:21:17'),(395,34,35,141,'DAVID SON',280579,270579,0,10000,10000,'2023-02-23 22:27:25'),(396,34,35,141,'DAVID SON',280579,270579,0,10000,10000,'2023-02-23 22:29:30'),(397,34,35,141,'DAVID SON',280579,270579,0,10000,10000,'2023-02-23 22:31:41'),(398,34,35,141,'DAVID SON',280579,270579,0,10000,10000,'2023-02-23 22:37:39'),(399,34,35,141,'DAVID SON',280579,270579,0,10000,10000,'2023-02-23 22:38:47'),(400,34,35,141,'DAVID SON',280579,270579,0,10000,10000,'2023-02-23 22:44:42'),(401,34,35,141,'DAVID SON',280579,270579,0,10000,10000,'2023-02-23 22:47:25'),(402,34,35,141,'DAVID SON',280579,270579,0,10000,10000,'2023-02-23 22:59:19'),(403,34,36,141,'SY CHOI',52850,42850,0,10000,10000,'2023-02-23 22:59:34'),(404,34,35,141,'DAVID SON',280529,270529,0,10000,10000,'2023-02-23 23:34:55'),(405,34,36,141,'SY CHOI',51850,41850,0,10000,10000,'2023-02-23 23:35:03'),(406,34,36,141,'SY CHOI',52100,42100,0,10000,10000,'2023-02-23 23:42:08'),(407,34,35,141,'DAVID SON',280229,270229,0,10000,10000,'2023-02-23 23:42:11'),(408,34,35,141,'DAVID SON',279929,269929,0,10000,10000,'2023-02-24 00:10:37'),(409,34,36,141,'SY CHOI',52350,42350,0,10000,10000,'2023-02-24 00:10:43'),(410,34,35,141,'DAVID SON',279629,269629,0,10000,10000,'2023-02-24 00:50:47'),(411,34,36,141,'SY CHOI',52600,42600,0,10000,10000,'2023-02-24 00:50:54'),(412,34,35,141,'DAVID SON',279329,269329,0,10000,10000,'2023-02-24 01:11:10'),(413,34,36,141,'SY CHOI',52850,42850,0,10000,10000,'2023-02-24 01:11:11'),(414,34,35,141,'DAVID SON',279579,269579,0,10000,10000,'2023-02-24 01:15:57'),(415,34,36,141,'SY CHOI',52550,42550,0,10000,10000,'2023-02-24 01:16:03'),(416,34,35,141,'DAVID SON',279279,269279,0,10000,10000,'2023-02-24 01:25:29'),(417,34,36,141,'SY CHOI',52800,42800,0,10000,10000,'2023-02-24 01:25:34'),(418,34,35,141,'DAVID SON',278879,268879,0,10000,10000,'2023-02-24 01:29:43'),(419,34,36,141,'SY CHOI',52000,42000,0,10000,10000,'2023-02-24 01:29:47'),(420,34,35,141,'DAVID SON',278529,268529,0,10000,10000,'2023-02-24 01:34:07'),(421,34,36,141,'SY CHOI',51250,41250,0,10000,10000,'2023-02-24 01:34:08'),(422,34,35,141,'DAVID SON',278229,268229,0,10000,10000,'2023-02-24 01:35:43'),(423,34,36,141,'SY CHOI',50550,40550,0,10000,10000,'2023-02-24 01:35:46'),(424,34,35,141,'DAVID SON',277929,267929,0,10000,10000,'2023-02-24 01:47:51'),(425,34,36,141,'SY CHOI',50800,40800,0,10000,10000,'2023-02-24 01:47:53'),(426,34,35,141,'DAVID SON',277629,267629,0,10000,10000,'2023-02-24 01:58:18'),(427,34,36,141,'SY CHOI',51050,41050,0,10000,10000,'2023-02-24 01:58:20'),(428,34,35,141,'DAVID SON',277329,267329,0,10000,10000,'2023-02-24 03:50:27'),(429,34,36,141,'SY CHOI',51300,41300,0,10000,10000,'2023-02-24 03:50:49'),(430,34,35,141,'DAVID SON',276979,266979,0,10000,10000,'2023-02-24 03:52:43'),(431,34,36,141,'SY CHOI',50550,40550,0,10000,10000,'2023-02-24 03:52:44'),(432,34,35,141,'DAVID SON',276679,266679,0,10000,10000,'2023-02-24 03:54:32'),(433,34,36,141,'SY CHOI',49850,39850,0,10000,10000,'2023-02-24 03:54:33'),(434,34,35,141,'DAVID SON',276379,266379,0,10000,10000,'2023-02-24 03:56:56'),(435,34,36,141,'SY CHOI',49150,39150,0,10000,10000,'2023-02-24 03:56:57'),(436,34,35,141,'DAVID SON',275379,265379,0,10000,10000,'2023-02-26 20:47:57'),(437,34,36,141,'SY CHOI',49100,39100,0,10000,10000,'2023-02-26 20:48:05'),(438,34,35,141,'DAVID SON',275029,265029,0,10000,10000,'2023-02-26 20:49:46'),(439,34,36,141,'SY CHOI',49300,39300,0,10000,10000,'2023-02-26 20:49:55'),(440,34,35,141,'DAVID SON',274029,264029,0,10000,10000,'2023-02-26 20:52:16'),(441,34,35,141,'DAVID SON',274029,264029,0,10000,10000,'2023-02-26 20:54:11'),(442,34,36,141,'SY CHOI',49250,39250,0,10000,10000,'2023-02-26 20:54:14'),(443,34,35,141,'DAVID SON',273729,263729,0,10000,10000,'2023-02-26 20:55:25'),(444,34,36,141,'SY CHOI',48550,38550,0,10000,10000,'2023-02-26 20:55:28'),(445,34,35,141,'DAVID SON',273979,263979,0,10000,10000,'2023-02-26 20:58:13'),(446,34,36,141,'SY CHOI',48250,38250,0,10000,10000,'2023-02-26 20:58:15'),(447,34,35,141,'DAVID SON',272979,262979,0,10000,10000,'2023-02-26 20:59:28'),(448,34,36,141,'SY CHOI',48200,38200,0,10000,10000,'2023-02-26 20:59:33'),(449,34,35,141,'DAVID SON',272679,262679,0,10000,10000,'2023-02-26 21:30:38'),(450,34,36,141,'SY CHOI',47500,37500,0,10000,10000,'2023-02-26 21:30:43'),(451,34,36,141,'SY CHOI',47750,37750,0,10000,10000,'2023-02-26 21:31:23'),(452,34,35,141,'DAVID SON',272379,262379,0,10000,10000,'2023-02-26 21:31:25'),(453,34,35,141,'DAVID SON',273009,263009,0,10000,10000,'2023-02-26 22:22:45'),(454,34,36,141,'SY CHOI',47050,37050,0,10000,10000,'2023-02-26 22:22:56'),(455,34,35,141,'DAVID SON',272309,262309,0,10000,10000,'2023-02-26 23:42:33'),(456,34,36,141,'SY CHOI',46750,36750,0,10000,10000,'2023-02-26 23:42:34'),(457,34,35,141,'DAVID SON',272939,262939,0,10000,10000,'2023-02-26 23:45:36'),(458,34,36,141,'SY CHOI',46050,36050,0,10000,10000,'2023-02-26 23:45:38'),(459,34,35,141,'DAVID SON',272869,262869,0,10000,10000,'2023-02-26 23:51:10'),(460,34,36,141,'SY CHOI',45050,35050,0,10000,10000,'2023-02-26 23:51:12'),(461,34,35,141,'DAVID SON',272569,262569,0,10000,10000,'2023-02-27 00:06:40'),(462,34,35,141,'DAVID SON',272569,262569,0,10000,10000,'2023-02-27 01:24:26'),(463,34,35,141,'DAVID SON',272569,262569,0,10000,10000,'2023-02-27 03:53:42'),(464,34,35,141,'DAVID SON',272569,262569,0,10000,10000,'2023-03-02 02:58:54'),(465,34,35,141,'DAVID SON',272569,262569,0,10000,10000,'2023-03-02 03:51:10'),(466,34,35,141,'DAVID SON',272569,262569,0,10000,10000,'2023-03-02 03:56:39'),(467,34,35,141,'DAVID SON',272569,262569,0,10000,10000,'2023-03-02 04:01:14'),(468,34,36,141,'SY CHOI',44350,34350,0,10000,10000,'2023-03-02 04:01:28'),(469,34,35,141,'DAVID SON',272519,262519,0,10000,10000,'2023-03-02 05:11:30'),(470,34,35,142,'DAVID SON',272519,202519,0,70000,70000,'2023-03-05 22:21:03'),(471,34,35,142,'DAVID SON',272519,202519,0,70000,70000,'2023-03-05 22:30:57'),(472,34,35,142,'DAVID SON',272519,202519,0,70000,70000,'2023-03-05 22:42:51'),(473,34,36,142,'SY CHOI',43350,0,0,43350,43350,'2023-03-05 22:43:18'),(474,34,35,142,'DAVID SON',272819,202819,0,70000,70000,'2023-03-05 23:33:49'),(475,34,35,142,'DAVID SON',272819,202819,0,70000,70000,'2023-03-05 23:34:28'),(476,34,35,142,'DAVID SON',272819,202819,0,70000,70000,'2023-03-05 23:35:49'),(477,34,36,142,'SY CHOI',43050,0,0,43050,43050,'2023-03-05 23:36:46'),(478,34,35,142,'DAVID SON',272819,202819,0,70000,70000,'2023-03-06 00:18:15'),(479,34,36,142,'SY CHOI',42050,0,0,42050,42050,'2023-03-06 00:18:19'),(480,34,35,142,'DAVID SON',271819,201819,0,70000,70000,'2023-03-06 00:20:46'),(481,34,36,142,'SY CHOI',42050,0,0,42050,42050,'2023-03-06 00:20:49'),(482,34,36,142,'SY CHOI',42350,0,0,42350,42350,'2023-03-06 00:22:15'),(483,34,35,142,'DAVID SON',271519,201519,0,70000,70000,'2023-03-06 00:22:16'),(484,34,35,142,'DAVID SON',270519,200519,0,70000,70000,'2023-03-06 00:28:22'),(485,34,36,142,'SY CHOI',42350,0,0,42350,42350,'2023-03-06 00:28:25'),(486,34,35,142,'DAVID SON',269819,199819,0,70000,70000,'2023-03-06 00:48:33'),(487,34,35,142,'DAVID SON',269819,199819,0,70000,70000,'2023-03-06 01:34:14'),(488,34,35,142,'DAVID SON',269819,199819,0,70000,70000,'2023-03-06 01:35:34'),(489,34,36,142,'SY CHOI',43050,0,0,43050,43050,'2023-03-06 01:44:46'),(490,34,35,142,'DAVID SON',269819,199819,0,70000,70000,'2023-03-06 01:44:48'),(491,34,35,142,'DAVID SON',267719,197719,0,70000,70000,'2023-03-06 02:27:36'),(492,34,35,142,'DAVID SON',267719,197719,0,70000,70000,'2023-03-06 02:30:08'),(493,34,35,142,'DAVID SON',267719,197719,0,70000,70000,'2023-03-06 02:32:01'),(494,34,35,142,'DAVID SON',267719,197719,0,70000,70000,'2023-03-06 02:47:43'),(495,34,35,142,'DAVID SON',267719,197719,0,70000,70000,'2023-03-06 02:50:43'),(496,34,36,142,'SY CHOI',45150,0,0,45150,45150,'2023-03-06 02:51:16'),(497,34,35,142,'DAVID SON',267719,197719,0,70000,70000,'2023-03-06 03:01:55'),(498,34,35,142,'DAVID SON',267719,197719,0,70000,70000,'2023-03-06 03:02:42'),(499,34,35,142,'DAVID SON',267719,197719,0,70000,70000,'2023-03-06 03:03:43'),(500,34,35,142,'DAVID SON',267719,197719,0,70000,70000,'2023-03-06 03:04:26'),(501,34,35,142,'DAVID SON',267719,197719,0,70000,70000,'2023-03-06 03:05:11'),(502,34,35,142,'DAVID SON',267719,197719,0,70000,70000,'2023-03-06 03:07:36'),(503,34,36,142,'SY CHOI',45150,0,0,45150,45150,'2023-03-06 03:08:38'),(504,34,35,142,'DAVID SON',268019,198019,0,70000,70000,'2023-03-06 03:19:30'),(505,34,36,142,'SY CHOI',44850,0,0,44850,44850,'2023-03-06 03:19:36'),(506,34,35,142,'DAVID SON',268719,198719,0,70000,70000,'2023-03-06 03:23:54'),(507,34,36,142,'SY CHOI',43150,0,0,43150,43150,'2023-03-06 03:24:19'),(508,34,35,142,'DAVID SON',266319,196319,0,70000,70000,'2023-03-06 03:39:49'),(509,34,36,142,'SY CHOI',45550,0,0,45550,45550,'2023-03-06 03:40:17'),(510,34,35,142,'DAVID SON',268419,198419,0,70000,70000,'2023-03-06 04:06:55'),(511,34,36,142,'SY CHOI',42450,0,0,42450,42450,'2023-03-06 04:07:38'),(512,34,35,142,'DAVID SON',268419,198419,0,70000,70000,'2023-03-06 05:15:33'),(513,34,35,142,'DAVID SON',268419,198419,0,70000,70000,'2023-03-06 20:23:14'),(514,34,35,142,'DAVID SON',268419,198419,0,70000,70000,'2023-03-07 22:06:52'),(515,34,36,142,'SY CHOI',42450,0,0,42450,42450,'2023-03-08 21:32:33'),(516,34,35,142,'DAVID SON',268419,198419,0,70000,70000,'2023-03-08 21:33:40'),(517,34,36,142,'SY CHOI',42750,0,0,42750,42750,'2023-03-08 22:41:03'),(518,34,35,142,'DAVID SON',268119,198119,0,70000,70000,'2023-03-08 22:50:28'),(519,34,35,142,'DAVID SON',268119,198119,0,70000,70000,'2023-03-08 22:55:14'),(520,34,36,142,'SY CHOI',42750,0,0,42750,42750,'2023-03-08 22:55:27'),(521,34,36,142,'SY CHOI',43050,0,0,43050,43050,'2023-03-08 22:57:40'),(522,34,36,142,'SY CHOI',43050,0,0,43050,43050,'2023-03-08 23:11:50'),(523,34,36,142,'SY CHOI',43050,0,0,43050,43050,'2023-03-08 23:12:32'),(524,34,36,142,'SY CHOI',43050,0,0,43050,43050,'2023-03-08 23:48:18'),(525,34,36,142,'SY CHOI',43050,0,0,43050,43050,'2023-03-08 23:51:21'),(526,34,36,142,'SY CHOI',43050,0,0,43050,43050,'2023-03-08 23:56:30'),(527,34,35,142,'DAVID SON',267819,197819,0,70000,70000,'2023-03-09 00:09:02'),(528,34,36,142,'SY CHOI',43050,0,0,43050,43050,'2023-03-09 00:53:57'),(529,34,35,142,'DAVID SON',267819,197819,0,70000,70000,'2023-03-09 00:54:41'),(530,34,35,142,'DAVID SON',267819,197819,0,70000,70000,'2023-03-09 00:58:54'),(531,34,35,142,'DAVID SON',267819,197819,0,70000,70000,'2023-03-09 01:07:58'),(532,34,35,142,'DAVID SON',267819,197819,0,70000,70000,'2023-03-09 02:19:00'),(533,34,35,142,'DAVID SON',267819,197819,0,70000,70000,'2023-03-09 02:35:12'),(534,34,35,142,'DAVID SON',267819,197819,0,70000,70000,'2023-03-09 02:38:01'),(535,34,36,142,'SY CHOI',43050,0,0,43050,43050,'2023-03-09 02:38:30'),(536,34,36,142,'SY CHOI',42050,0,0,42050,42050,'2023-03-09 02:41:17'),(537,34,35,142,'DAVID SON',267819,197819,0,70000,70000,'2023-03-09 02:41:20'),(538,34,35,142,'DAVID SON',267519,197519,0,70000,70000,'2023-03-09 02:53:44'),(539,34,35,142,'DAVID SON',267519,197519,0,70000,70000,'2023-03-09 02:56:26'),(540,34,35,142,'DAVID SON',267519,197519,0,70000,70000,'2023-03-09 02:57:49'),(541,34,35,142,'DAVID SON',267519,197519,0,70000,70000,'2023-03-09 02:59:29'),(542,34,35,142,'DAVID SON',267519,197519,0,70000,70000,'2023-03-09 03:00:59'),(543,34,36,142,'SY CHOI',41350,0,0,41350,41350,'2023-03-09 03:01:02'),(544,34,35,142,'DAVID SON',266519,196519,0,70000,70000,'2023-03-09 03:02:40'),(545,34,35,142,'DAVID SON',266519,196519,0,70000,70000,'2023-03-09 03:04:46'),(546,34,36,142,'SY CHOI',41350,0,0,41350,41350,'2023-03-09 03:05:06'),(547,34,35,142,'DAVID SON',265519,195519,0,70000,70000,'2023-03-09 03:08:29'),(548,34,36,142,'SY CHOI',41350,0,0,41350,41350,'2023-03-09 03:08:32'),(549,34,35,142,'DAVID SON',265819,195819,0,70000,70000,'2023-03-09 03:12:39'),(550,34,36,142,'SY CHOI',41050,0,0,41050,41050,'2023-03-09 03:12:42'),(551,34,35,142,'DAVID SON',264819,194819,0,70000,70000,'2023-03-09 03:15:06'),(552,34,36,142,'SY CHOI',41050,0,0,41050,41050,'2023-03-09 03:15:22'),(553,34,35,142,'DAVID SON',265519,195519,0,70000,70000,'2023-03-09 03:18:15'),(554,34,35,142,'DAVID SON',265519,195519,0,70000,70000,'2023-03-09 03:20:55'),(555,34,36,142,'SY CHOI',39350,0,0,39350,39350,'2023-03-09 03:21:00'),(556,34,35,142,'DAVID SON',264819,194819,0,70000,70000,'2023-03-09 03:21:51'),(557,34,36,142,'SY CHOI',39050,0,0,39050,39050,'2023-03-09 03:22:10'),(558,34,35,142,'DAVID SON',265119,195119,0,70000,70000,'2023-03-09 03:23:33'),(559,34,36,142,'SY CHOI',38750,0,0,38750,38750,'2023-03-09 03:23:38'),(560,34,35,142,'DAVID SON',264119,194119,0,70000,70000,'2023-03-09 03:39:59'),(561,34,36,142,'SY CHOI',38350,0,0,38350,38350,'2023-03-09 03:40:03'),(562,34,35,141,'DAVID SON',263519,193519,0,70000,70000,'2023-03-09 03:44:47'),(563,34,36,142,'SY CHOI',38950,0,0,38950,38950,'2023-03-09 03:44:50'),(564,34,35,142,'DAVID SON',263519,193519,0,70000,70000,'2023-03-09 03:45:24'),(565,34,36,142,'SY CHOI',38950,0,0,38950,38950,'2023-03-09 03:47:44'),(566,34,35,142,'DAVID SON',263519,193519,0,70000,70000,'2023-03-09 03:47:45'),(567,34,35,142,'DAVID SON',263519,193519,0,70000,70000,'2023-03-09 03:53:39'),(568,34,36,142,'SY CHOI',38950,0,0,38950,38950,'2023-03-09 03:53:44'),(569,34,36,142,'SY CHOI',38650,0,0,38650,38650,'2023-03-09 03:54:53'),(570,34,35,142,'DAVID SON',262819,192819,0,70000,70000,'2023-03-09 03:54:58'),(571,34,36,142,'SY CHOI',38350,0,0,38350,38350,'2023-03-09 03:55:56'),(572,34,35,142,'DAVID SON',264119,194119,0,70000,70000,'2023-03-09 03:58:34'),(573,34,36,142,'SY CHOI',37350,0,0,37350,37350,'2023-03-09 03:58:36'),(574,34,35,142,'DAVID SON',264419,194419,0,70000,70000,'2023-03-09 04:05:36'),(575,34,36,142,'SY CHOI',37050,0,0,37050,37050,'2023-03-09 04:05:41'),(576,34,35,142,'DAVID SON',264719,194719,0,70000,70000,'2023-03-09 04:07:13'),(577,34,36,142,'SY CHOI',36750,0,0,36750,36750,'2023-03-09 04:07:15'),(578,34,35,142,'DAVID SON',263719,193719,0,70000,70000,'2023-03-09 04:08:45'),(579,34,36,142,'SY CHOI',36750,0,0,36750,36750,'2023-03-09 04:08:47'),(580,34,35,142,'DAVID SON',263419,193419,0,70000,70000,'2023-03-09 04:46:21'),(581,34,36,142,'SY CHOI',36050,0,0,36050,36050,'2023-03-09 04:46:23'),(582,34,36,142,'SY CHOI',35750,0,0,35750,35750,'2023-03-09 04:53:03'),(583,34,35,141,'DAVID SON',262719,192719,0,70000,70000,'2023-03-09 04:53:05'),(584,34,36,142,'SY CHOI',35750,0,0,35750,35750,'2023-03-09 04:53:20'),(585,34,35,142,'DAVID SON',262719,192719,0,70000,70000,'2023-03-09 04:53:30'),(586,34,35,142,'DAVID SON',261719,191719,0,70000,70000,'2023-03-09 04:55:43'),(587,34,36,142,'SY CHOI',35750,0,0,35750,35750,'2023-03-09 04:55:45'),(588,34,36,142,'SY CHOI',35750,0,0,35750,35750,'2023-03-09 05:22:40'),(589,34,35,142,'DAVID SON',260719,190719,0,70000,70000,'2023-03-09 05:22:42'),(590,34,35,142,'DAVID SON',260019,190019,0,70000,70000,'2023-03-09 05:25:45'),(591,34,36,142,'SY CHOI',35450,0,0,35450,35450,'2023-03-09 05:25:48'),(592,34,35,142,'DAVID SON',260019,190019,0,70000,70000,'2023-03-09 05:28:06'),(593,34,36,142,'SY CHOI',200000,130000,0,70000,70000,'2023-03-09 05:28:07'),(594,34,35,142,'DAVID SON',259319,189319,0,70000,70000,'2023-03-09 05:29:49'),(595,34,36,142,'SY CHOI',199700,129700,0,70000,70000,'2023-03-09 05:29:51'),(596,34,35,142,'DAVID SON',258619,188619,0,70000,70000,'2023-03-09 05:31:22'),(597,34,36,142,'SY CHOI',199400,129400,0,70000,70000,'2023-03-09 05:31:24'),(598,34,36,142,'SY CHOI',199100,129100,0,70000,70000,'2023-03-09 05:36:46'),(599,34,35,142,'DAVID SON',257919,187919,0,70000,70000,'2023-03-09 05:36:48'),(600,34,36,142,'SY CHOI',197000,127000,0,70000,70000,'2023-03-09 05:38:19'),(601,34,35,142,'DAVID SON',259019,189019,0,70000,70000,'2023-03-09 05:38:24'),(602,34,35,142,'DAVID SON',259719,189719,0,70000,70000,'2023-03-09 20:09:00'),(603,34,36,142,'SY CHOI',195300,125300,0,70000,70000,'2023-03-09 20:09:05'),(604,34,35,142,'DAVID SON',260119,190119,0,70000,70000,'2023-03-09 20:18:05'),(605,34,36,142,'SY CHOI',193900,123900,0,70000,70000,'2023-03-09 20:32:55'),(606,34,35,142,'DAVID SON',260119,190119,0,70000,70000,'2023-03-09 20:32:56'),(607,34,35,142,'DAVID SON',259419,189419,0,70000,70000,'2023-03-09 20:34:10'),(608,34,36,142,'SY CHOI',194600,124600,0,70000,70000,'2023-03-09 20:34:12'),(609,34,35,142,'DAVID SON',258719,188719,0,70000,70000,'2023-03-09 20:40:14'),(610,34,36,142,'SY CHOI',194300,124300,0,70000,70000,'2023-03-09 20:40:16'),(611,34,35,142,'DAVID SON',259019,189019,0,70000,70000,'2023-03-09 20:45:17'),(612,34,36,142,'SY CHOI',194000,124000,0,70000,70000,'2023-03-09 20:45:20'),(613,34,35,142,'DAVID SON',259319,189319,0,70000,70000,'2023-03-09 20:46:17'),(614,34,36,142,'SY CHOI',193700,123700,0,70000,70000,'2023-03-09 20:46:19'),(615,34,35,142,'DAVID SON',259619,189619,0,70000,70000,'2023-03-09 20:49:31'),(616,34,36,142,'SY CHOI',193400,123400,0,70000,70000,'2023-03-09 20:49:34'),(617,34,35,142,'DAVID SON',259919,189919,0,70000,70000,'2023-03-09 20:50:36'),(618,34,36,142,'SY CHOI',193100,123100,0,70000,70000,'2023-03-09 20:50:38'),(619,34,35,142,'DAVID SON',258519,188519,0,70000,70000,'2023-03-09 20:58:12'),(620,34,36,142,'SY CHOI',193500,123500,0,70000,70000,'2023-03-09 20:58:13'),(621,34,35,142,'DAVID SON',258219,188219,0,70000,70000,'2023-03-09 21:27:17'),(622,34,36,142,'SY CHOI',192800,122800,0,70000,70000,'2023-03-09 21:27:20'),(623,34,35,142,'DAVID SON',257219,187219,0,70000,70000,'2023-03-09 21:28:36'),(624,34,36,142,'SY CHOI',192800,122800,0,70000,70000,'2023-03-09 21:28:37'),(625,34,35,142,'DAVID SON',256519,186519,0,70000,70000,'2023-03-09 21:32:14'),(626,34,36,142,'SY CHOI',192500,122500,0,70000,70000,'2023-03-09 21:32:16'),(627,34,35,142,'DAVID SON',256219,186219,0,70000,70000,'2023-03-09 21:36:39'),(628,34,36,142,'SY CHOI',191800,121800,0,70000,70000,'2023-03-09 21:36:40'),(629,34,35,142,'DAVID SON',255519,185519,0,70000,70000,'2023-03-09 21:45:09'),(630,34,36,142,'SY CHOI',191500,121500,0,70000,70000,'2023-03-09 21:45:11'),(631,34,35,142,'DAVID SON',254819,184819,0,70000,70000,'2023-03-09 21:46:11'),(632,34,36,142,'SY CHOI',191200,121200,0,70000,70000,'2023-03-09 21:46:13'),(633,34,35,142,'DAVID SON',254519,184519,0,70000,70000,'2023-03-09 21:48:31'),(634,34,36,142,'SY CHOI',191500,121500,0,70000,70000,'2023-03-09 21:48:33'),(635,34,35,142,'DAVID SON',254219,184219,0,70000,70000,'2023-03-09 21:49:24'),(636,34,36,142,'SY CHOI',191800,121800,0,70000,70000,'2023-03-09 21:49:25'),(637,34,35,142,'DAVID SON',253519,183519,0,70000,70000,'2023-03-09 22:06:09'),(638,34,36,142,'SY CHOI',191500,121500,0,70000,70000,'2023-03-09 22:06:11'),(639,34,35,142,'DAVID SON',253519,183519,0,70000,70000,'2023-03-09 22:10:48'),(640,34,36,142,'SY CHOI',191500,121500,0,70000,70000,'2023-03-09 22:10:49'),(641,34,35,142,'DAVID SON',252819,182819,0,70000,70000,'2023-03-09 22:11:31'),(642,34,36,142,'SY CHOI',191200,121200,0,70000,70000,'2023-03-09 22:11:32'),(643,34,35,142,'DAVID SON',252119,182119,0,70000,70000,'2023-03-09 22:13:18'),(644,34,36,142,'SY CHOI',190900,120900,0,70000,70000,'2023-03-09 22:13:20'),(645,34,35,142,'DAVID SON',251819,181819,0,70000,70000,'2023-03-09 22:14:08'),(646,34,36,142,'SY CHOI',191200,121200,0,70000,70000,'2023-03-09 22:14:10'),(647,34,35,142,'DAVID SON',251819,181819,0,70000,70000,'2023-03-09 22:46:44'),(648,34,36,142,'SY CHOI',190200,120200,0,70000,70000,'2023-03-09 22:46:46'),(649,34,35,142,'DAVID SON',253519,183519,0,70000,70000,'2023-03-10 00:04:51'),(650,34,36,142,'SY CHOI',187500,117500,0,70000,70000,'2023-03-10 00:04:53'),(651,34,35,142,'DAVID SON',252819,182819,0,70000,70000,'2023-03-10 00:06:13'),(652,34,36,142,'SY CHOI',187200,117200,0,70000,70000,'2023-03-10 00:06:17'),(653,34,35,142,'DAVID SON',252119,182119,0,70000,70000,'2023-03-10 00:49:25'),(654,34,36,142,'SY CHOI',186900,116900,0,70000,70000,'2023-03-10 00:49:27'),(655,34,35,142,'DAVID SON',252819,182819,0,70000,70000,'2023-03-10 00:50:39'),(656,34,36,142,'SY CHOI',186200,116200,0,70000,70000,'2023-03-10 00:50:40'),(657,34,35,142,'DAVID SON',251819,181819,0,70000,70000,'2023-03-10 02:30:51'),(658,34,36,142,'SY CHOI',186200,116200,0,70000,70000,'2023-03-10 02:30:57'),(659,34,35,142,'DAVID SON',251519,181519,0,70000,70000,'2023-03-10 03:05:51'),(660,34,36,142,'SY CHOI',186500,116500,0,70000,70000,'2023-03-10 03:05:58'),(661,34,35,142,'DAVID SON',250519,180519,0,70000,70000,'2023-03-10 03:08:16'),(662,34,36,142,'SY CHOI',186500,116500,0,70000,70000,'2023-03-10 03:08:17'),(663,34,35,142,'DAVID SON',250519,180519,0,70000,70000,'2023-03-10 03:10:04'),(664,34,36,142,'SY CHOI',186500,116500,0,70000,70000,'2023-03-10 03:10:06'),(665,34,35,142,'DAVID SON',250519,180519,0,70000,70000,'2023-03-10 03:21:49'),(666,34,36,142,'SY CHOI',186500,116500,0,70000,70000,'2023-03-10 03:21:52'),(667,34,36,142,'SY CHOI',185800,115800,0,70000,70000,'2023-03-10 04:09:57'),(668,34,35,142,'DAVID SON',249819,179819,0,70000,70000,'2023-03-10 04:09:59'),(669,34,35,142,'DAVID SON',249119,179119,0,70000,70000,'2023-03-10 04:13:59'),(670,34,36,142,'SY CHOI',185500,115500,0,70000,70000,'2023-03-10 04:14:01'),(671,34,35,142,'DAVID SON',248119,178119,0,70000,70000,'2023-03-10 04:18:29'),(672,34,36,142,'SY CHOI',185500,115500,0,70000,70000,'2023-03-10 04:18:32'),(673,34,35,142,'DAVID SON',248419,178419,0,70000,70000,'2023-03-10 04:19:56'),(674,34,36,142,'SY CHOI',185200,115200,0,70000,70000,'2023-03-10 04:19:57'),(675,34,35,142,'DAVID SON',248419,178419,0,70000,70000,'2023-03-10 04:47:06'),(676,34,36,142,'SY CHOI',184200,114200,0,70000,70000,'2023-03-10 04:47:10'),(677,34,35,142,'DAVID SON',247719,177719,0,70000,70000,'2023-03-10 04:48:27'),(678,34,36,142,'SY CHOI',183500,113500,0,70000,70000,'2023-03-10 04:48:28'),(679,34,36,142,'SY CHOI',182800,112800,0,70000,70000,'2023-03-10 04:53:14'),(680,34,35,142,'DAVID SON',247019,177019,0,70000,70000,'2023-03-10 04:53:15'),(681,34,35,142,'DAVID SON',246319,176319,0,70000,70000,'2023-03-10 04:54:46'),(682,34,36,142,'SY CHOI',182100,112100,0,70000,70000,'2023-03-10 04:54:48'),(683,34,35,142,'DAVID SON',245919,175919,0,70000,70000,'2023-03-10 05:01:44'),(684,34,36,142,'SY CHOI',181100,111100,0,70000,70000,'2023-03-10 05:01:46'),(685,34,35,141,'DAVID SON',245619,175619,0,70000,70000,'2023-03-10 05:04:09'),(686,34,36,142,'SY CHOI',180400,110400,0,70000,70000,'2023-03-10 05:04:10'),(687,34,35,142,'DAVID SON',245619,175619,0,70000,70000,'2023-03-10 05:04:54'),(688,34,36,142,'SY CHOI',180400,110400,0,70000,70000,'2023-03-10 05:04:56'),(689,34,35,142,'DAVID SON',244919,174919,0,70000,70000,'2023-03-10 05:08:10'),(690,34,36,142,'SY CHOI',181100,111100,0,70000,70000,'2023-03-10 05:08:12'),(691,34,35,142,'DAVID SON',244219,174219,0,70000,70000,'2023-03-11 01:02:46'),(692,34,36,142,'SY CHOI',180800,110800,0,70000,70000,'2023-03-11 01:02:48'),(693,34,35,142,'DAVID SON',243519,173519,0,70000,70000,'2023-03-11 01:09:52'),(694,34,36,142,'SY CHOI',180100,110100,0,70000,70000,'2023-03-11 01:09:53'),(695,34,35,142,'DAVID SON',242819,172819,0,70000,70000,'2023-03-11 01:19:40'),(696,34,36,142,'SY CHOI',179400,109400,0,70000,70000,'2023-03-11 01:19:41'),(697,34,35,142,'DAVID SON',240019,170019,0,70000,70000,'2023-03-11 01:25:25'),(698,34,36,142,'SY CHOI',180100,110100,0,70000,70000,'2023-03-11 01:25:27'),(699,34,35,142,'DAVID SON',240419,170419,0,70000,70000,'2023-03-11 02:02:06'),(700,34,36,142,'SY CHOI',178700,108700,0,70000,70000,'2023-03-11 02:02:08'),(701,34,35,142,'DAVID SON',238719,168719,0,70000,70000,'2023-03-11 02:12:57'),(702,34,36,142,'SY CHOI',179400,109400,0,70000,70000,'2023-03-11 02:12:58'),(703,34,35,142,'DAVID SON',236619,166619,0,70000,70000,'2023-03-11 02:24:03'),(704,34,36,142,'SY CHOI',180500,110500,0,70000,70000,'2023-03-11 02:24:06'),(705,34,35,142,'DAVID SON',234919,164919,0,70000,70000,'2023-03-11 03:30:57'),(706,34,35,142,'DAVID SON',234919,164919,0,70000,70000,'2023-03-11 03:32:29'),(707,34,35,142,'DAVID SON',234919,164919,0,70000,70000,'2023-03-11 03:33:39'),(708,34,36,142,'SY CHOI',181200,111200,0,70000,70000,'2023-03-11 03:33:41'),(709,34,35,142,'DAVID SON',234219,164219,0,70000,70000,'2023-03-11 03:50:38'),(710,34,36,142,'SY CHOI',180900,110900,0,70000,70000,'2023-03-11 03:50:39'),(711,34,35,142,'DAVID SON',234519,164519,0,70000,70000,'2023-03-11 03:51:30'),(712,34,36,142,'SY CHOI',180600,110600,0,70000,70000,'2023-03-11 03:51:32'),(713,34,35,142,'DAVID SON',234219,164219,0,70000,70000,'2023-03-11 04:45:08'),(714,34,36,142,'SY CHOI',180900,110900,0,70000,70000,'2023-03-11 04:45:10'),(715,34,35,142,'DAVID SON',233519,163519,0,70000,70000,'2023-03-11 04:46:46'),(716,34,36,142,'SY CHOI',180600,110600,0,70000,70000,'2023-03-11 04:46:48'),(717,34,35,142,'DAVID SON',233819,163819,0,70000,70000,'2023-03-11 04:48:42'),(718,34,36,142,'SY CHOI',180300,110300,0,70000,70000,'2023-03-11 04:48:44'),(719,34,35,142,'DAVID SON',234119,164119,0,70000,70000,'2023-03-11 04:51:05'),(720,34,36,142,'SY CHOI',180000,110000,0,70000,70000,'2023-03-11 04:51:07'),(721,34,35,142,'DAVID SON',233119,163119,0,70000,70000,'2023-03-11 04:57:30'),(722,34,36,142,'SY CHOI',180000,110000,0,70000,70000,'2023-03-11 04:57:33'),(723,34,35,142,'DAVID SON',232119,162119,0,70000,70000,'2023-03-11 05:00:02'),(724,34,36,142,'SY CHOI',180000,110000,0,70000,70000,'2023-03-11 05:00:03'),(725,34,35,142,'DAVID SON',231819,161819,0,70000,70000,'2023-03-11 05:02:21'),(726,34,36,142,'SY CHOI',180300,110300,0,70000,70000,'2023-03-11 05:02:22'),(727,34,35,142,'DAVID SON',231819,161819,0,70000,70000,'2023-03-11 05:04:22'),(728,34,36,142,'SY CHOI',180300,110300,0,70000,70000,'2023-03-11 05:04:23'),(729,34,35,142,'DAVID SON',231519,161519,0,70000,70000,'2023-03-11 23:19:09'),(730,34,36,142,'SY CHOI',179600,109600,0,70000,70000,'2023-03-11 23:19:11'),(731,34,35,142,'DAVID SON',230819,160819,0,70000,70000,'2023-03-11 23:21:56'),(732,34,36,142,'SY CHOI',179300,109300,0,70000,70000,'2023-03-11 23:21:57'),(733,34,35,142,'DAVID SON',230119,160119,0,70000,70000,'2023-03-11 23:23:10'),(734,34,36,142,'SY CHOI',178600,108600,0,70000,70000,'2023-03-11 23:23:11'),(735,34,35,142,'DAVID SON',230419,160419,0,70000,70000,'2023-03-11 23:25:21'),(736,34,36,142,'SY CHOI',178300,108300,0,70000,70000,'2023-03-11 23:25:23'),(737,34,35,142,'DAVID SON',230419,160419,0,70000,70000,'2023-03-11 23:27:27'),(738,34,36,142,'SY CHOI',177300,107300,0,70000,70000,'2023-03-11 23:27:39'),(739,34,35,142,'DAVID SON',229419,159419,0,70000,70000,'2023-03-11 23:32:40'),(740,34,36,142,'SY CHOI',177300,107300,0,70000,70000,'2023-03-11 23:32:42'),(741,34,35,142,'DAVID SON',229119,159119,0,70000,70000,'2023-03-11 23:37:02'),(742,34,36,142,'SY CHOI',177600,107600,0,70000,70000,'2023-03-11 23:37:04'),(743,34,35,142,'DAVID SON',229419,159419,0,70000,70000,'2023-03-11 23:57:21'),(744,34,36,142,'SY CHOI',177300,107300,0,70000,70000,'2023-03-11 23:57:22'),(745,34,35,142,'DAVID SON',224219,154219,0,70000,70000,'2023-03-12 00:12:25'),(746,34,36,142,'SY CHOI',172100,102100,0,70000,70000,'2023-03-12 00:12:27'),(747,34,36,142,'SY CHOI',171400,101400,0,70000,70000,'2023-03-12 00:18:11'),(748,34,35,142,'DAVID SON',223919,153919,0,70000,70000,'2023-03-12 00:18:12'),(749,34,35,142,'DAVID SON',223219,153219,0,70000,70000,'2023-03-12 00:20:49'),(750,34,36,142,'SY CHOI',171100,101100,0,70000,70000,'2023-03-12 00:20:51'),(751,34,35,142,'DAVID SON',223519,153519,0,70000,70000,'2023-03-12 00:22:57'),(752,34,36,142,'SY CHOI',170800,100800,0,70000,70000,'2023-03-12 00:22:59'),(753,34,36,142,'SY CHOI',171800,101800,0,70000,70000,'2023-03-12 00:30:34'),(754,34,35,142,'DAVID SON',222519,152519,0,70000,70000,'2023-03-12 00:30:36'),(755,34,35,142,'DAVID SON',222919,152919,0,70000,70000,'2023-03-12 00:55:13'),(756,34,36,142,'SY CHOI',170400,100400,0,70000,70000,'2023-03-12 00:55:15'),(757,34,35,142,'DAVID SON',217619,147619,0,70000,70000,'2023-03-12 01:25:38'),(758,34,36,142,'SY CHOI',175700,105700,0,70000,70000,'2023-03-12 01:25:41'),(759,34,35,142,'DAVID SON',216919,146919,0,70000,70000,'2023-03-12 01:31:53'),(760,34,36,142,'SY CHOI',175000,105000,0,70000,70000,'2023-03-12 01:31:55'),(761,34,35,142,'DAVID SON',216619,146619,0,70000,70000,'2023-03-12 01:46:36'),(762,34,36,142,'SY CHOI',174300,104300,0,70000,70000,'2023-03-12 01:46:38'),(763,34,36,142,'SY CHOI',174000,104000,0,70000,70000,'2023-03-12 01:49:33'),(764,34,35,142,'DAVID SON',215919,145919,0,70000,70000,'2023-03-12 01:49:34'),(765,34,36,142,'SY CHOI',174600,104600,0,70000,70000,'2023-03-12 03:01:48'),(766,34,35,142,'DAVID SON',215319,145319,0,70000,70000,'2023-03-12 03:01:49'),(767,34,36,142,'SY CHOI',173900,103900,0,70000,70000,'2023-03-12 03:16:51'),(768,34,35,142,'DAVID SON',216019,146019,0,70000,70000,'2023-03-12 03:16:52'),(769,34,35,142,'DAVID SON',215019,145019,0,70000,70000,'2023-03-12 03:22:35'),(770,34,36,142,'SY CHOI',173900,103900,0,70000,70000,'2023-03-12 03:22:37'),(771,34,35,142,'DAVID SON',214019,144019,0,70000,70000,'2023-03-12 03:30:07'),(772,34,36,142,'SY CHOI',173900,103900,0,70000,70000,'2023-03-12 03:30:08'),(773,34,35,142,'DAVID SON',213719,143719,0,70000,70000,'2023-03-12 03:30:35'),(774,34,36,142,'SY CHOI',174200,104200,0,70000,70000,'2023-03-12 03:30:53'),(775,34,35,142,'DAVID SON',212319,142319,0,70000,70000,'2023-03-12 03:40:39'),(776,34,36,142,'SY CHOI',175600,105600,0,70000,70000,'2023-03-12 03:40:42'),(777,34,35,142,'DAVID SON',212319,142319,0,70000,70000,'2023-03-12 03:44:30'),(778,34,35,142,'DAVID SON',212319,177319,0,35000,35000,'2023-03-12 03:46:27'),(779,34,36,142,'SY CHOI',174600,126600,0,48000,48000,'2023-03-12 03:46:32'),(780,34,35,142,'DAVID SON',212619,177619,0,35000,35000,'2023-03-12 03:50:17'),(781,34,36,142,'SY CHOI',174300,139300,0,35000,35000,'2023-03-12 03:50:18'),(782,34,35,142,'DAVID SON',213319,178319,0,35000,35000,'2023-03-12 04:05:03'),(783,34,36,142,'SY CHOI',173600,138600,0,35000,35000,'2023-03-12 04:05:04'),(784,34,36,142,'SY CHOI',174200,139200,0,35000,35000,'2023-03-12 04:13:02'),(785,34,35,142,'DAVID SON',212719,177719,0,35000,35000,'2023-03-12 04:13:02'),(786,34,35,142,'DAVID SON',212119,177119,0,35000,35000,'2023-03-12 04:34:49'),(787,34,36,142,'SY CHOI',173800,138800,0,35000,35000,'2023-03-12 04:34:51'),(788,34,35,142,'DAVID SON',211819,176819,0,35000,35000,'2023-03-12 04:36:30'),(789,34,36,142,'SY CHOI',174100,139100,0,35000,35000,'2023-03-12 04:36:32'),(790,34,35,142,'DAVID SON',211519,176519,0,35000,35000,'2023-03-12 04:48:04'),(791,34,36,142,'SY CHOI',174400,139400,0,35000,35000,'2023-03-12 04:48:05'),(792,34,35,142,'DAVID SON',211119,176119,0,35000,35000,'2023-03-12 22:17:14'),(793,34,36,142,'SY CHOI',174800,139800,0,35000,35000,'2023-03-12 22:17:36'),(794,34,36,142,'SY CHOI',174100,139100,0,35000,35000,'2023-03-13 05:09:29'),(795,34,36,142,'SY CHOI',174100,139100,0,35000,35000,'2023-03-13 05:14:28'),(796,34,35,142,'DAVID SON',210419,175419,0,35000,35000,'2023-03-13 05:17:01'),(797,34,35,142,'DAVID SON',210419,175419,0,35000,35000,'2023-03-13 05:44:14'),(798,34,36,142,'SY CHOI',174100,139100,0,35000,35000,'2023-03-13 05:44:27'),(799,34,35,142,'DAVID SON',209419,174419,0,35000,35000,'2023-03-13 22:02:43'),(800,34,35,142,'DAVID SON',209419,174419,0,35000,35000,'2023-03-13 22:04:32'),(801,34,35,142,'DAVID SON',209419,174419,0,35000,35000,'2023-03-13 22:18:55'),(802,34,35,142,'DAVID SON',209419,174419,0,35000,35000,'2023-03-13 22:20:54'),(803,34,35,142,'DAVID SON',209419,174419,0,35000,35000,'2023-03-13 22:21:35'),(804,34,35,142,'DAVID SON',209419,174419,0,35000,35000,'2023-03-13 22:22:23'),(805,34,35,142,'DAVID SON',209419,174419,0,35000,35000,'2023-03-13 22:24:13'),(806,34,36,142,'SY CHOI',174100,139100,0,35000,35000,'2023-03-13 22:46:19'),(807,34,36,142,'SY CHOI',174100,139100,0,35000,35000,'2023-03-13 22:47:13'),(808,34,36,142,'SY CHOI',174100,139100,0,35000,35000,'2023-03-13 22:50:13'),(809,34,36,142,'SY CHOI',174100,139100,0,35000,35000,'2023-03-13 22:53:47'),(810,34,35,142,'DAVID SON',209419,174419,0,35000,35000,'2023-03-13 22:54:50'),(811,34,36,142,'SY CHOI',174100,139100,0,35000,35000,'2023-03-13 22:56:39'),(812,34,35,142,'DAVID SON',209419,174419,0,35000,35000,'2023-03-13 22:58:15'),(813,34,35,142,'DAVID SON',209419,174419,0,35000,35000,'2023-03-13 23:00:20'),(814,34,36,142,'SY CHOI',174100,139100,0,35000,35000,'2023-03-13 23:00:35'),(815,34,35,142,'DAVID SON',209119,174119,0,35000,35000,'2023-03-13 23:26:12'),(816,34,36,142,'SY CHOI',173400,138400,0,35000,35000,'2023-03-13 23:27:45'),(817,34,36,142,'SY CHOI',173700,138700,0,35000,35000,'2023-03-13 23:28:47'),(818,34,35,142,'DAVID SON',208519,173519,0,35000,35000,'2023-03-13 23:32:33'),(819,34,36,142,'SY CHOI',174000,139000,0,35000,35000,'2023-03-13 23:33:11'),(820,34,35,142,'DAVID SON',207519,172519,0,35000,35000,'2023-03-13 23:56:57'),(821,34,35,142,'DAVID SON',207519,172519,0,35000,35000,'2023-03-13 23:57:25'),(822,34,35,142,'DAVID SON',207519,172519,0,35000,35000,'2023-03-14 00:09:47'),(823,34,35,142,'DAVID SON',207519,172519,0,35000,35000,'2023-03-14 01:07:47'),(824,34,35,142,'DAVID SON',207519,172519,0,35000,35000,'2023-03-14 01:10:09'),(825,34,35,142,'DAVID SON',207519,172519,0,35000,35000,'2023-03-14 01:11:04'),(826,34,35,142,'DAVID SON',207519,172519,0,35000,35000,'2023-03-14 01:11:59'),(827,34,35,142,'DAVID SON',207519,172519,0,35000,35000,'2023-03-14 01:19:31'),(828,34,35,142,'DAVID SON',207519,172519,0,35000,35000,'2023-03-14 01:28:30'),(829,34,35,142,'DAVID SON',207519,172519,0,35000,35000,'2023-03-14 01:29:44'),(830,34,36,142,'SY CHOI',175000,140000,0,35000,35000,'2023-03-14 01:30:02'),(831,34,35,142,'DAVID SON',207219,172219,0,35000,35000,'2023-03-14 02:01:55'),(832,34,35,142,'DAVID SON',207219,172219,0,35000,35000,'2023-03-14 02:04:55'),(833,34,35,142,'DAVID SON',207219,172219,0,35000,35000,'2023-03-14 02:05:56'),(834,34,35,142,'DAVID SON',207219,137219,0,70000,70000,'2023-03-14 02:07:03'),(835,34,35,142,'DAVID SON',207219,172219,0,35000,35000,'2023-03-14 02:24:42'),(836,34,35,142,'DAVID SON',207219,172219,0,35000,35000,'2023-03-14 02:27:24'),(837,34,35,142,'DAVID SON',207219,172219,0,35000,35000,'2023-03-14 02:29:44'),(838,34,35,142,'DAVID SON',207219,172219,0,35000,35000,'2023-03-14 02:33:07'),(839,34,35,142,'DAVID SON',207219,172219,0,35000,35000,'2023-03-14 02:35:27'),(840,34,35,142,'DAVID SON',207219,172219,0,35000,35000,'2023-03-14 02:38:23'),(841,34,35,142,'DAVID SON',207219,172219,0,35000,35000,'2023-03-14 03:09:38'),(842,34,35,142,'DAVID SON',172219,172219,35000,35000,6200,'2023-03-14 03:09:53'),(843,34,35,142,'DAVID SON',207219,172219,0,35000,35000,'2023-03-14 03:14:45'),(844,34,35,142,'DAVID SON',172219,172219,35000,35000,35000,'2023-03-14 03:14:54'),(845,34,35,142,'DAVID SON',207219,172219,0,35000,35000,'2023-03-14 03:21:57'),(846,34,35,142,'DAVID SON',172219,172219,35000,35000,35000,'2023-03-14 03:22:04'),(847,34,35,142,'DAVID SON',207219,172219,0,35000,35000,'2023-03-14 03:23:07'),(848,34,35,142,'DAVID SON',172219,137219,35000,70000,35000,'2023-03-14 03:23:13'),(849,34,35,142,'DAVID SON',207219,172219,0,35000,35000,'2023-03-14 03:46:27'),(850,34,36,142,'SY CHOI',175300,140300,0,35000,35000,'2023-03-14 03:46:29'),(851,34,35,142,'DAVID SON',172219,137219,0,35000,35000,'2023-03-14 03:47:25'),(852,34,35,142,'DAVID SON',172219,137219,0,35000,35000,'2023-03-14 04:55:28'),(853,34,36,142,'SY CHOI',210300,175300,0,35000,35000,'2023-03-14 04:55:31'),(854,34,35,142,'DAVID SON',171519,136519,0,35000,35000,'2023-03-14 05:11:30'),(855,34,36,142,'SY CHOI',211000,176000,0,35000,35000,'2023-03-14 05:11:32'),(856,34,35,142,'DAVID SON',171219,136219,0,35000,35000,'2023-03-14 05:53:09'),(857,34,35,142,'DAVID SON',171219,136219,0,35000,35000,'2023-03-14 06:38:20'),(858,34,36,142,'SY CHOI',210300,175300,0,35000,35000,'2023-03-14 06:38:31'),(859,34,35,142,'DAVID SON',174019,139019,0,35000,35000,'2023-03-14 06:40:39'),(860,34,36,142,'SY CHOI',207500,172500,0,35000,35000,'2023-03-14 06:40:42'),(861,34,35,142,'DAVID SON',174019,139019,0,35000,35000,'2023-03-14 23:51:53'),(862,34,35,142,'DAVID SON',174019,139019,0,35000,35000,'2023-03-15 01:18:50'),(863,34,36,142,'SY CHOI',207500,172500,0,35000,35000,'2023-03-15 01:18:53'),(864,34,35,142,'DAVID SON',173019,138019,0,35000,35000,'2023-03-15 01:23:40'),(865,34,36,142,'SY CHOI',207500,172500,0,35000,35000,'2023-03-15 01:23:42'),(866,34,38,142,'GON NG',677752,642752,0,35000,35000,'2023-03-15 01:23:44'),(867,34,35,142,'DAVID SON',171619,136619,0,35000,35000,'2023-03-15 02:12:12'),(868,34,36,142,'SY CHOI',208600,173600,0,35000,35000,'2023-03-15 02:12:14'),(869,34,35,142,'DAVID SON',189369,154369,0,35000,35000,'2023-03-15 02:15:58'),(870,34,36,142,'SY CHOI',190850,155850,0,35000,35000,'2023-03-15 02:16:00'),(871,34,35,142,'DAVID SON',187569,152569,0,35000,35000,'2023-03-15 02:21:16'),(872,34,36,142,'SY CHOI',192440,157440,0,35000,35000,'2023-03-15 02:21:19'),(873,34,35,142,'DAVID SON',187464,152464,0,35000,35000,'2023-03-15 02:41:26'),(874,34,36,142,'SY CHOI',192335,157335,0,35000,35000,'2023-03-15 02:41:27'),(875,34,35,142,'DAVID SON',186764,151764,0,35000,35000,'2023-03-15 02:43:42'),(876,34,36,142,'SY CHOI',191635,156635,0,35000,35000,'2023-03-15 02:43:44'),(877,34,35,142,'DAVID SON',183264,148264,0,35000,35000,'2023-03-15 03:29:13'),(878,34,36,142,'SY CHOI',193855,158855,0,35000,35000,'2023-03-15 03:29:21'),(879,34,35,142,'DAVID SON',181564,146564,0,35000,35000,'2023-03-15 03:41:25'),(880,34,36,142,'SY CHOI',194485,159485,0,35000,35000,'2023-03-15 03:41:29'),(881,34,35,142,'DAVID SON',146564,111564,0,35000,35000,'2023-03-15 03:42:00'),(882,34,35,142,'DAVID SON',147264,112264,0,35000,35000,'2023-03-15 03:46:57'),(883,34,36,142,'SY CHOI',228785,193785,0,35000,35000,'2023-03-15 03:47:01'),(884,34,35,142,'DAVID SON',145464,110464,0,35000,35000,'2023-03-15 03:50:09'),(885,34,36,142,'SY CHOI',230375,195375,0,35000,35000,'2023-03-15 03:50:16'),(886,34,35,142,'DAVID SON',145064,110064,0,35000,35000,'2023-03-15 03:52:45'),(887,34,36,142,'SY CHOI',230705,195705,0,35000,35000,'2023-03-15 03:52:48'),(888,34,35,142,'DAVID SON',144994,109994,0,35000,35000,'2023-03-15 04:06:42'),(889,34,36,142,'SY CHOI',230635,195635,0,35000,35000,'2023-03-15 04:06:44'),(890,34,35,142,'DAVID SON',141124,106124,0,35000,35000,'2023-03-15 04:10:55'),(891,34,36,142,'SY CHOI',233085,198085,0,35000,35000,'2023-03-15 04:10:58'),(892,34,35,142,'DAVID SON',141154,106154,0,35000,35000,'2023-03-15 04:12:28'),(893,34,35,142,'DAVID SON',106154,71254,100,35000,34900,'2023-03-15 04:13:27'),(894,34,35,142,'DAVID SON',106254,71254,0,35000,35000,'2023-03-15 04:28:42'),(895,34,35,142,'DAVID SON',105854,70854,0,35000,35000,'2023-03-15 04:35:44'),(896,34,36,142,'SY CHOI',268215,233215,0,35000,35000,'2023-03-15 04:35:46'),(897,34,35,142,'DAVID SON',105454,70454,0,35000,35000,'2023-03-15 04:37:10'),(898,34,36,142,'SY CHOI',268545,233545,0,35000,35000,'2023-03-15 04:37:12'),(899,34,36,142,'SY CHOI',266845,231845,0,35000,35000,'2023-03-15 04:45:34'),(900,34,35,142,'DAVID SON',106084,71084,0,35000,35000,'2023-03-15 04:45:35'),(901,34,36,142,'SY CHOI',259845,224845,0,35000,35000,'2023-03-15 04:48:58'),(902,34,35,142,'DAVID SON',111454,76454,0,35000,35000,'2023-03-15 04:48:59'),(903,34,35,142,'DAVID SON',110754,75754,0,35000,35000,'2023-03-15 05:05:33'),(904,34,36,142,'SY CHOI',260475,225475,0,35000,35000,'2023-03-15 05:05:35'),(905,34,36,142,'SY CHOI',260370,225370,0,35000,35000,'2023-03-15 05:42:19'),(906,34,35,142,'DAVID SON',110649,75649,0,35000,35000,'2023-03-15 05:42:20'),(907,34,35,142,'DAVID SON',111579,76579,0,35000,35000,'2023-03-15 05:43:58'),(908,34,36,142,'SY CHOI',259370,224370,0,35000,35000,'2023-03-15 05:44:00'),(909,34,35,142,'DAVID SON',111179,76179,0,35000,35000,'2023-03-15 05:45:40'),(910,34,36,142,'SY CHOI',259700,224700,0,35000,35000,'2023-03-15 05:45:41'),(911,34,35,142,'DAVID SON',110809,75809,0,35000,35000,'2023-03-15 05:47:47'),(912,34,36,142,'SY CHOI',259000,224000,0,35000,35000,'2023-03-15 05:47:49'),(913,34,35,142,'DAVID SON',115119,80119,0,35000,35000,'2023-03-15 05:50:39'),(914,34,36,142,'SY CHOI',254030,219030,0,35000,35000,'2023-03-15 05:50:41'),(915,34,35,142,'DAVID SON',112619,77619,0,35000,35000,'2023-03-15 05:53:39'),(916,34,36,142,'SY CHOI',256250,221250,0,35000,35000,'2023-03-15 05:53:41'),(917,34,35,142,'DAVID SON',115139,80139,0,35000,35000,'2023-03-15 05:55:26'),(918,34,36,142,'SY CHOI',252450,217450,0,35000,35000,'2023-03-15 05:55:27'),(919,34,36,142,'SY CHOI',247950,212950,0,35000,35000,'2023-03-15 05:58:00'),(920,34,35,142,'DAVID SON',118219,83219,0,35000,35000,'2023-03-15 05:58:02'),(921,34,35,142,'DAVID SON',119149,84149,0,35000,35000,'2023-03-15 06:00:13'),(922,34,36,142,'SY CHOI',246950,211950,0,35000,35000,'2023-03-15 06:00:15'),(923,34,35,142,'DAVID SON',119079,84079,0,35000,35000,'2023-03-15 06:01:55'),(924,34,36,142,'SY CHOI',245950,210950,0,35000,35000,'2023-03-15 06:01:57'),(925,34,35,142,'DAVID SON',118709,83709,0,35000,35000,'2023-03-15 06:03:22'),(926,34,36,142,'SY CHOI',245250,210250,0,35000,35000,'2023-03-15 06:03:24'),(927,34,35,142,'DAVID SON',117869,82869,0,35000,35000,'2023-03-15 06:08:04'),(928,34,36,142,'SY CHOI',244740,209740,0,35000,35000,'2023-03-15 06:08:05'),(929,34,35,142,'DAVID SON',116169,81169,0,35000,35000,'2023-03-15 23:36:45');
/*!40000 ALTER TABLE `buyin_table` ENABLE KEYS */;
UNLOCK TABLES;

--
-- Table structure for table `buyins`
--

DROP TABLE IF EXISTS `buyins`;
/*!40101 SET @saved_cs_client     = @@character_set_client */;
/*!50503 SET character_set_client = utf8mb4 */;
CREATE TABLE `buyins` (
  `id` int NOT NULL AUTO_INCREMENT,
  `userID` int NOT NULL,
  `tableID` int NOT NULL,
  `oldBalance` int unsigned NOT NULL,
  `balance` int unsigned NOT NULL,
  `oldChip` int unsigned NOT NULL,
  `chip` int unsigned NOT NULL,
  `amount` int unsigned NOT NULL,
  `createDate` datetime NOT NULL DEFAULT CURRENT_TIMESTAMP,
  PRIMARY KEY (`id`)
) ENGINE=InnoDB AUTO_INCREMENT=21 DEFAULT CHARSET=utf8mb4 COLLATE=utf8mb4_general_ci;
/*!40101 SET character_set_client = @saved_cs_client */;

--
-- Dumping data for table `buyins`
--

LOCK TABLES `buyins` WRITE;
/*!40000 ALTER TABLE `buyins` DISABLE KEYS */;
INSERT INTO `buyins` VALUES (1,1,1,13132123,13130123,0,2000,2000,'2023-03-22 15:24:02'),(2,1,1,13132123,13131123,0,1000,1000,'2023-03-22 16:38:47'),(3,1,1,13132123,13131123,0,1000,1000,'2023-03-22 16:39:03'),(4,1,2,13132123,13122123,0,10000,10000,'2023-03-22 17:01:20'),(5,1,1,13132123,13131123,0,1000,1000,'2023-03-22 17:05:07'),(6,1,1,13132123,13130123,0,2000,2000,'2023-03-22 17:06:41'),(7,2,1,1000000,999000,0,1000,1000,'2023-03-22 17:30:52'),(8,1,1,13132123,13130123,0,2000,2000,'2023-03-22 17:36:56'),(9,2,1,1000000,999000,0,1000,1000,'2023-03-22 17:37:29'),(10,2,1,1000260,999260,0,1000,1000,'2023-03-22 17:52:34'),(11,2,1,1000260,999260,0,1000,1000,'2023-03-22 17:54:14'),(12,2,1,1000260,999260,0,1000,1000,'2023-03-22 17:55:55'),(13,2,1,1000260,999260,0,1000,1000,'2023-03-22 17:58:47'),(14,1,1,13131823,13129823,0,2000,2000,'2023-03-22 18:21:46'),(15,2,1,1000260,998260,0,2000,2000,'2023-03-22 18:21:53'),(16,2,1,998260,997210,950,2000,1050,'2023-03-22 18:23:25'),(17,1,2,13132633,13127633,0,5000,5000,'2023-03-22 18:31:26'),(18,2,2,998410,988410,0,10000,10000,'2023-03-22 18:31:32'),(19,1,2,13131633,13126633,0,5000,5000,'2023-03-22 18:32:47'),(20,1,2,13126633,13121633,5000,10000,5000,'2023-03-22 18:33:20');
/*!40000 ALTER TABLE `buyins` ENABLE KEYS */;
UNLOCK TABLES;

--
-- Table structure for table `credit_chip`
--

DROP TABLE IF EXISTS `credit_chip`;
/*!40101 SET @saved_cs_client     = @@character_set_client */;
/*!50503 SET character_set_client = utf8mb4 */;
CREATE TABLE `credit_chip` (
  `id` int NOT NULL AUTO_INCREMENT,
  `adminID` int NOT NULL,
  `userID` int NOT NULL,
  `name` varchar(24) NOT NULL,
  `oldBalance` int unsigned NOT NULL,
  `balance` int unsigned NOT NULL,
  `chip` int unsigned NOT NULL,
  `createDate` datetime NOT NULL DEFAULT CURRENT_TIMESTAMP,
  PRIMARY KEY (`id`)
) ENGINE=InnoDB AUTO_INCREMENT=46 DEFAULT CHARSET=utf8mb4 COLLATE=utf8mb4_0900_ai_ci;
/*!40101 SET character_set_client = @saved_cs_client */;

--
-- Dumping data for table `credit_chip`
--

LOCK TABLES `credit_chip` WRITE;
/*!40000 ALTER TABLE `credit_chip` DISABLE KEYS */;
INSERT INTO `credit_chip` VALUES (8,38,56,'JOSH KIM',70000,99800,29800,'2021-12-21 20:20:05'),(9,38,56,'JOSH KIM',67300,250000,182700,'2021-12-22 20:11:58'),(10,34,53,'JJ CHANG',80000,98100,18100,'2021-12-23 14:44:33'),(11,34,50,'JAY CHANG',60000,78200,18200,'2021-12-23 23:51:39'),(12,34,53,'JJ CHANG',78100,99000,20900,'2021-12-23 23:52:22'),(13,38,75,'LASH SIM',19900,78600,58700,'2022-01-05 21:09:06'),(14,38,56,'JOSH KIM',0,52850,52850,'2022-01-05 21:12:15'),(15,38,75,'LASH SIM',20000,72100,52100,'2022-01-05 21:20:45'),(16,32,36,'SY CHOI',80000,92200,12200,'2022-01-07 12:23:37'),(17,32,35,'DAVID SON',80000,106000,26000,'2022-01-07 14:35:47'),(18,32,35,'DAVID SON',106000,106000,0,'2022-01-07 15:55:42'),(19,32,55,'LARRY ELLERBE',0,0,0,'2022-01-10 14:58:30'),(20,32,56,'JOSH KIM',0,36050,36050,'2022-01-10 14:58:30'),(21,32,57,'CY YOUN',70000,303625,233625,'2022-01-10 14:58:30'),(22,32,58,'JAY CHANG',70000,70000,0,'2022-01-10 14:58:30'),(23,32,59,'GON NAMGUNG',40000,80550,40550,'2022-01-10 14:58:30'),(24,32,60,'CK KIM',100000,100000,0,'2022-01-10 14:58:30'),(25,32,47,'DAVID SON',100000,100000,0,'2022-01-13 11:56:36'),(26,32,35,'DAVID SON',106000,106000,0,'2022-01-14 15:54:05'),(27,32,73,'123123 123123123',0,0,0,'2022-01-14 15:54:05'),(28,32,51,'DAVID SON',90000,90000,0,'2022-01-14 15:54:05'),(29,32,38,'GON NG',80000,99700,19700,'2022-01-14 15:54:05'),(30,32,39,'JAY CHANG',0,0,0,'2022-01-14 15:54:05'),(31,32,36,'SY CHOI',92200,92200,0,'2022-01-14 15:56:06'),(32,32,35,'DAVID SON',106000,106000,0,'2022-01-14 15:56:06'),(33,32,51,'DAVID SON',90000,90000,0,'2022-01-14 15:56:06'),(34,32,38,'GON NG',99700,99700,0,'2022-01-14 15:56:06'),(35,32,39,'JAY CHANG',0,0,0,'2022-01-14 15:56:06'),(36,32,40,'JAY2 CHANG',0,0,0,'2022-01-14 15:56:06'),(37,32,38,'GON NG',99700,99700,0,'2022-01-14 16:12:59'),(38,32,39,'JAY CHANG',0,0,0,'2022-01-14 16:12:59'),(39,32,40,'JAY2 CHANG',0,0,0,'2022-01-14 16:12:59'),(40,32,42,'JOSHUA KIM',0,0,0,'2022-01-14 16:12:59'),(41,32,43,'CG YOUN',0,0,0,'2022-01-14 16:12:59'),(42,32,39,'JAY CHANG',0,0,0,'2022-01-14 16:13:09'),(43,32,42,'JOSHUA KIM',0,0,0,'2022-01-14 16:13:09'),(44,32,36,'SY CHOI',0,0,0,'2022-01-28 11:51:03'),(45,32,35,'DAVID SON',255279,280579,25300,'2022-03-17 14:29:46');
/*!40000 ALTER TABLE `credit_chip` ENABLE KEYS */;
UNLOCK TABLES;

--
-- Table structure for table `credit_purchase`
--

DROP TABLE IF EXISTS `credit_purchase`;
/*!40101 SET @saved_cs_client     = @@character_set_client */;
/*!50503 SET character_set_client = utf8mb4 */;
CREATE TABLE `credit_purchase` (
  `id` int NOT NULL AUTO_INCREMENT,
  `adminID` int NOT NULL,
  `userID` int NOT NULL,
  `name` varchar(24) CHARACTER SET utf8mb3 COLLATE utf8mb3_general_ci NOT NULL,
  `oldBalance` int unsigned NOT NULL,
  `balance` int unsigned NOT NULL,
  `chip` int unsigned NOT NULL,
  `credit` int unsigned NOT NULL,
  `status` tinyint(1) NOT NULL DEFAULT '0',
  `createDate` datetime NOT NULL DEFAULT CURRENT_TIMESTAMP,
  PRIMARY KEY (`id`)
) ENGINE=InnoDB AUTO_INCREMENT=155 DEFAULT CHARSET=utf8mb4 COLLATE=utf8mb4_general_ci;
/*!40101 SET character_set_client = @saved_cs_client */;

--
-- Dumping data for table `credit_purchase`
--

LOCK TABLES `credit_purchase` WRITE;
/*!40000 ALTER TABLE `credit_purchase` DISABLE KEYS */;
INSERT INTO `credit_purchase` VALUES (129,32,35,'DAVID SON',100000,0,0,1000,0,'2021-12-21 19:18:52'),(130,32,36,'SY CHOI',100000,0,0,1000,0,'2021-12-21 19:19:55'),(131,33,62,'ISAAA KKKK',1000000,0,0,10000,0,'2021-12-21 19:20:09'),(132,38,61,'DAVID SON',100000,0,0,1000,1,'2021-12-21 19:59:12'),(133,38,59,'GON NAMGUNG',100000,0,0,1000,1,'2021-12-21 19:59:29'),(134,38,58,'JAY CHANG',100000,0,0,1000,1,'2021-12-21 19:59:44'),(135,38,56,'JOSH KIM',100000,0,0,1000,1,'2021-12-21 19:59:59'),(136,38,60,'CK KIM',100000,0,0,1000,0,'2021-12-21 20:00:24'),(137,38,57,'CY YOUN',100000,0,0,1000,0,'2021-12-21 20:00:41'),(138,38,56,'JOSH KIM',100000,0,0,1000,1,'2021-12-21 20:22:35'),(139,38,71,'POKAHONTA SMITH',100000,0,0,1000,0,'2021-12-21 21:14:08'),(140,38,61,'DAVID SON',130550,30550,1200,1000,0,'2021-12-21 21:37:52'),(141,38,58,'JAY CHANG',100000,0,0,1000,0,'2021-12-21 22:19:48'),(142,38,59,'GON NAMGUNG',100000,0,0,1000,0,'2021-12-21 22:25:57'),(143,38,72,'SUNG PAK',50000,0,0,500,0,'2021-12-22 20:07:20'),(144,34,50,'JAY CHANG',100000,0,0,1000,1,'2021-12-23 14:12:22'),(145,34,53,'JJ CHANG',100000,0,0,1000,0,'2021-12-23 14:27:21'),(146,38,74,'SPOODY BE',50000,0,0,500,0,'2022-01-04 12:54:13'),(147,38,75,'LASH SIM',50000,0,0,500,1,'2022-01-05 20:50:58'),(148,38,75,'LASH SIM',30000,0,19900,300,1,'2022-01-05 21:05:45'),(149,38,75,'LASH SIM',50000,0,0,500,0,'2022-01-05 21:13:47'),(150,32,51,'DAVID SON',0,100000,0,1000,0,'2022-01-12 14:45:21'),(151,32,47,'DAVID SON',0,100000,0,1000,0,'2022-01-12 14:46:54'),(152,32,36,'SY CHOI',92200,192200,0,1000,0,'2022-01-14 16:11:43'),(153,32,35,'DAVID SON',245279,255279,25300,100,0,'2022-03-17 14:29:26'),(154,32,35,'DAVID SON',255279,265279,25300,100,0,'2022-03-17 14:29:33');
/*!40000 ALTER TABLE `credit_purchase` ENABLE KEYS */;
UNLOCK TABLES;

--
-- Table structure for table `credit_redeem`
--

DROP TABLE IF EXISTS `credit_redeem`;
/*!40101 SET @saved_cs_client     = @@character_set_client */;
/*!50503 SET character_set_client = utf8mb4 */;
CREATE TABLE `credit_redeem` (
  `id` int NOT NULL AUTO_INCREMENT,
  `adminID` int NOT NULL,
  `userID` int NOT NULL,
  `name` varchar(24) CHARACTER SET utf8mb3 COLLATE utf8mb3_general_ci NOT NULL,
  `oldBalance` int unsigned NOT NULL,
  `balance` int unsigned NOT NULL,
  `chip` int unsigned NOT NULL,
  `credit` int unsigned NOT NULL,
  `createDate` datetime NOT NULL DEFAULT CURRENT_TIMESTAMP,
  PRIMARY KEY (`id`)
) ENGINE=InnoDB AUTO_INCREMENT=37 DEFAULT CHARSET=utf8mb4 COLLATE=utf8mb4_0900_ai_ci;
/*!40101 SET character_set_client = @saved_cs_client */;

--
-- Dumping data for table `credit_redeem`
--

LOCK TABLES `credit_redeem` WRITE;
/*!40000 ALTER TABLE `credit_redeem` DISABLE KEYS */;
INSERT INTO `credit_redeem` VALUES (30,38,56,'JOSH KIM',99800,0,0,998,'2021-12-21 20:20:47'),(31,38,56,'JOSH KIM',250000,50000,0,2000,'2021-12-22 20:13:20'),(32,34,50,'JAY CHANG',100000,80000,0,200,'2021-12-23 14:13:06'),(33,38,75,'LASH SIM',78600,0,0,786,'2022-01-05 21:10:10'),(34,32,51,'DAVID SON',100000,90000,0,100,'2022-01-12 14:51:54'),(35,32,36,'SY CHOI',192200,0,0,1922,'2022-01-14 16:11:51'),(36,32,35,'DAVID SON',265279,255279,25300,100,'2022-03-17 14:29:39');
/*!40000 ALTER TABLE `credit_redeem` ENABLE KEYS */;
UNLOCK TABLES;

--
-- Table structure for table `room_table`
--

DROP TABLE IF EXISTS `room_table`;
/*!40101 SET @saved_cs_client     = @@character_set_client */;
/*!50503 SET character_set_client = utf8mb4 */;
CREATE TABLE `room_table` (
  `id` int unsigned NOT NULL AUTO_INCREMENT,
  `recommender` int unsigned NOT NULL,
  `name` varchar(128) CHARACTER SET utf8mb4 COLLATE utf8mb4_general_ci DEFAULT '',
  `type` int unsigned NOT NULL,
  `maxPlayers` int unsigned NOT NULL,
  `betTimeLimit` int unsigned NOT NULL,
  `smallBlind` int unsigned NOT NULL,
  `bigBlind` int unsigned NOT NULL,
  `minStakePrice` int unsigned NOT NULL,
  `maxStakePrice` int unsigned NOT NULL,
  `useTimePass` tinyint(1) NOT NULL DEFAULT '0',
  `timePassTerm` int unsigned NOT NULL,
  `timePassPrice` int unsigned NOT NULL,
  `useRake` tinyint(1) NOT NULL DEFAULT '0',
  `rake` int DEFAULT '0',
  `useRakeCap` tinyint(1) NOT NULL DEFAULT '0',
  `rakeCap1` int unsigned NOT NULL,
  `rakeCap2` int unsigned NOT NULL,
  `rakeCap3` int unsigned NOT NULL,
  `useFlopRake` tinyint(1) NOT NULL DEFAULT '0',
  `disable` tinyint(1) NOT NULL DEFAULT '0',
  `alive` tinyint(1) NOT NULL DEFAULT '1',
  `isPrivate` int unsigned NOT NULL,
  `updateDate` datetime NOT NULL DEFAULT CURRENT_TIMESTAMP,
  `createDate` datetime NOT NULL DEFAULT CURRENT_TIMESTAMP,
  PRIMARY KEY (`id`)
) ENGINE=InnoDB AUTO_INCREMENT=143 DEFAULT CHARSET=utf8mb4 COLLATE=utf8mb4_general_ci;
/*!40101 SET character_set_client = @saved_cs_client */;

--
-- Dumping data for table `room_table`
--

LOCK TABLES `room_table` WRITE;
/*!40000 ALTER TABLE `room_table` DISABLE KEYS */;
INSERT INTO `room_table` VALUES (50,32,'',0,9,20,100,200,10000,20000,1,30,300,0,0,0,0,0,0,0,0,1,1,'2021-12-21 19:01:10','2021-12-21 19:01:10'),(115,33,'',0,9,20,100,300,10000,20000,0,30,300,0,0,0,0,0,0,0,0,1,1,'2021-12-21 19:19:28','2021-12-21 19:19:28'),(116,34,'',0,9,20,100,200,10000,20000,0,30,200,0,0,0,0,0,0,0,1,1,1,'2021-12-21 19:55:14','2021-12-21 19:39:22'),(117,38,'',0,9,20,100,300,10000,30000,0,30,300,0,0,0,0,0,0,0,0,1,1,'2021-12-21 19:53:42','2021-12-21 19:53:42'),(118,34,'',0,9,20,100,200,10000,20000,0,30,200,0,0,0,0,0,0,0,0,1,1,'2021-12-22 02:03:24','2021-12-22 02:03:24'),(119,38,'',0,9,20,200,500,20000,50000,0,30,500,0,0,0,0,0,0,0,0,1,1,'2021-12-22 20:07:53','2021-12-22 20:07:53'),(120,34,'',0,9,20,200,500,10000,20000,0,30,500,0,0,0,0,0,0,0,1,1,1,'2021-12-23 17:43:24','2021-12-23 14:54:50'),(121,34,'',0,9,20,200,500,20000,40000,0,30,500,0,0,0,0,0,0,0,1,1,1,'2021-12-27 07:19:04','2021-12-27 06:47:24'),(122,38,'',0,9,20,200,500,20000,50000,0,30,500,0,0,0,0,0,0,0,0,1,1,'2022-01-04 12:55:38','2022-01-04 12:55:38'),(123,38,'',0,9,20,100,200,10000,30000,0,30,300,0,0,0,0,0,0,0,0,1,1,'2022-01-05 20:53:32','2022-01-05 20:53:32'),(124,32,'',0,9,25,200,500,5000,10000,0,20,320,0,0,0,0,0,0,0,1,1,1,'2022-01-07 17:01:11','2022-01-07 17:01:11'),(125,32,'',0,6,15,1000,2000,100000,200000,0,30,2000,0,0,0,0,0,0,0,1,1,1,'2022-01-14 15:55:46','2022-01-14 15:55:46'),(126,32,'',0,9,15,2000,4000,200000,400000,0,30,4000,0,0,0,0,0,0,0,0,1,1,'2022-01-14 16:47:38','2022-01-14 16:47:38'),(127,32,'',0,9,30,50,100,10000,20000,0,30,50,0,0,0,0,0,0,0,0,1,1,'2022-01-20 18:10:23','2022-01-20 18:10:23'),(130,33,'',0,9,20,100,200,10000,20000,1,30,200,0,0,0,0,0,0,0,0,1,1,'2022-02-08 14:42:56','2022-02-08 14:42:56'),(131,33,'',0,9,20,2000,5000,250000,500000,1,30,5000,0,0,0,0,0,0,0,0,1,1,'2022-02-08 14:43:46','2022-02-08 14:43:46'),(132,33,'',0,9,20,100,200,10000,20000,0,0,0,1,100,0,0,0,0,0,0,1,1,'2022-02-08 14:48:04','2022-02-08 14:48:04'),(133,33,'',0,9,20,100,200,10000,20000,0,0,0,1,100,0,0,0,0,0,0,1,1,'2022-02-08 14:48:48','2022-02-08 14:48:48'),(134,33,'',0,9,20,100,200,10000,20000,0,0,0,1,450,0,0,0,0,0,0,1,1,'2022-02-08 14:53:20','2022-02-08 14:53:20'),(135,33,'',0,9,20,100,200,10000,20000,0,0,0,1,100,0,0,0,0,1,0,1,1,'2022-02-08 14:54:10','2022-02-08 14:54:10'),(136,33,'',0,9,20,100,200,10000,20000,0,0,0,1,300,0,0,0,0,0,0,1,1,'2022-02-08 14:58:20','2022-02-08 14:58:20'),(137,33,'',0,9,20,100,200,10000,20000,0,0,0,1,100,1,300,400,500,0,0,1,1,'2022-02-08 15:01:28','2022-02-08 15:01:28'),(138,33,'',0,9,20,300,700,35000,70000,0,0,0,1,720,1,300,400,500,1,0,1,1,'2022-02-08 17:56:26','2022-02-08 17:56:26'),(141,34,'Rake',0,9,20,300,700,35000,70000,0,0,0,1,500,0,0,0,0,1,0,1,0,'2022-02-16 17:48:33','2022-02-16 17:48:33'),(142,34,'Rake2',0,9,20,300,700,35000,70000,0,0,0,1,500,0,0,0,0,0,0,1,0,'2022-02-17 11:53:43','2022-02-17 11:53:43');
/*!40000 ALTER TABLE `room_table` ENABLE KEYS */;
UNLOCK TABLES;

--
-- Table structure for table `setting`
--

DROP TABLE IF EXISTS `setting`;
/*!40101 SET @saved_cs_client     = @@character_set_client */;
/*!50503 SET character_set_client = utf8mb4 */;
CREATE TABLE `setting` (
  `id` int unsigned NOT NULL AUTO_INCREMENT,
  `userId` varchar(10) CHARACTER SET utf8mb3 COLLATE utf8mb3_general_ci NOT NULL,
  `card_type1` varchar(10) CHARACTER SET utf8mb3 COLLATE utf8mb3_general_ci NOT NULL,
  `card_type2` varchar(10) CHARACTER SET utf8mb3 COLLATE utf8mb3_general_ci NOT NULL,
  `board_type` varchar(10) CHARACTER SET utf8mb3 COLLATE utf8mb3_general_ci NOT NULL,
  `best_hands` varchar(128) CHARACTER SET utf8mb3 COLLATE utf8mb3_general_ci DEFAULT '',
  PRIMARY KEY (`id`,`userId`)
) ENGINE=InnoDB AUTO_INCREMENT=6 DEFAULT CHARSET=utf8mb4 COLLATE=utf8mb4_general_ci;
/*!40101 SET character_set_client = @saved_cs_client */;

--
-- Dumping data for table `setting`
--

LOCK TABLES `setting` WRITE;
/*!40000 ALTER TABLE `setting` DISABLE KEYS */;
INSERT INTO `setting` VALUES (1,'35','2','1','1','0'),(2,'36','1','1','1',' '),(3,'38','0','0','0',' '),(4,'1','2','0','2',' '),(5,'2','0','0','0',' ');
/*!40000 ALTER TABLE `setting` ENABLE KEYS */;
UNLOCK TABLES;

--
-- Table structure for table `tables`
--

DROP TABLE IF EXISTS `tables`;
/*!40101 SET @saved_cs_client     = @@character_set_client */;
/*!50503 SET character_set_client = utf8mb4 */;
CREATE TABLE `tables` (
  `id` int unsigned NOT NULL AUTO_INCREMENT,
  `recommender` varchar(20) CHARACTER SET utf8mb3 COLLATE utf8mb3_general_ci NOT NULL DEFAULT '',
  `name` varchar(30) CHARACTER SET utf8mb3 COLLATE utf8mb3_general_ci NOT NULL DEFAULT '',
  `type` int unsigned NOT NULL DEFAULT '0',
  `grade` int unsigned NOT NULL DEFAULT '0',
  `password` varchar(10) CHARACTER SET utf8mb3 COLLATE utf8mb3_general_ci DEFAULT '',
  `maxPlayers` int unsigned NOT NULL,
  `betTimeLimit` int unsigned NOT NULL,
  `smallBlind` int unsigned NOT NULL,
  `bigBlind` int unsigned NOT NULL,
  `minStakePrice` int unsigned NOT NULL,
  `maxStakePrice` int unsigned NOT NULL,
  `useRake` tinyint(1) NOT NULL DEFAULT '0',
  `rake` int DEFAULT '0',
  `useRakeCap` tinyint(1) NOT NULL DEFAULT '0',
  `rakeCap1` int unsigned NOT NULL,
  `rakeCap2` int unsigned NOT NULL,
  `rakeCap3` int unsigned NOT NULL,
  `useFlopRake` tinyint(1) NOT NULL DEFAULT '0',
  `disable` tinyint(1) NOT NULL DEFAULT '0',
  `alive` tinyint(1) NOT NULL DEFAULT '1',
  `updateDate` datetime NOT NULL DEFAULT CURRENT_TIMESTAMP,
  `createDate` datetime NOT NULL DEFAULT CURRENT_TIMESTAMP,
  PRIMARY KEY (`id`)
) ENGINE=InnoDB AUTO_INCREMENT=3 DEFAULT CHARSET=utf8mb4 COLLATE=utf8mb4_general_ci;
/*!40101 SET character_set_client = @saved_cs_client */;

--
-- Dumping data for table `tables`
--

LOCK TABLES `tables` WRITE;
/*!40000 ALTER TABLE `tables` DISABLE KEYS */;
INSERT INTO `tables` VALUES (1,'123123','ashjdsad',0,0,'',9,20,300,500,1000,2000,1,500,0,0,0,0,1,0,1,'2023-03-20 18:52:32','2023-03-20 18:52:32'),(2,'1233321','sad123123',0,0,'123123',9,20,500,1000,5000,10000,1,1000,0,0,0,0,1,0,1,'2023-03-21 11:26:47','2023-03-21 11:26:47');
/*!40000 ALTER TABLE `tables` ENABLE KEYS */;
UNLOCK TABLES;

--
-- Table structure for table `time_purchase`
--

DROP TABLE IF EXISTS `time_purchase`;
/*!40101 SET @saved_cs_client     = @@character_set_client */;
/*!50503 SET character_set_client = utf8mb4 */;
CREATE TABLE `time_purchase` (
  `id` int NOT NULL AUTO_INCREMENT,
  `adminID` int NOT NULL,
  `userID` int NOT NULL,
  `roomID` int NOT NULL,
  `name` varchar(24) CHARACTER SET utf8mb3 COLLATE utf8mb3_general_ci NOT NULL,
  `oldBalance` int unsigned NOT NULL,
  `balance` int unsigned NOT NULL,
  `oldChip` int unsigned NOT NULL,
  `chip` int unsigned NOT NULL,
  `term` int unsigned NOT NULL DEFAULT '0',
  `amount` int unsigned NOT NULL,
  `createDate` datetime NOT NULL DEFAULT CURRENT_TIMESTAMP,
  PRIMARY KEY (`id`)
) ENGINE=InnoDB AUTO_INCREMENT=426 DEFAULT CHARSET=utf8mb4 COLLATE=utf8mb4_0900_ai_ci;
/*!40101 SET character_set_client = @saved_cs_client */;

--
-- Dumping data for table `time_purchase`
--

LOCK TABLES `time_purchase` WRITE;
/*!40000 ALTER TABLE `time_purchase` DISABLE KEYS */;
INSERT INTO `time_purchase` VALUES (279,32,38,50,'GON NG',80000,80000,20000,19700,0,300,'2021-12-21 19:06:34'),(280,32,35,50,'DAVID SON',80000,80000,20000,19700,0,300,'2021-12-21 19:19:05'),(281,32,36,50,'SY CHOI',80000,80000,20000,19700,0,300,'2021-12-21 19:20:09'),(282,38,56,117,'JOSH KIM',70000,70000,30000,29700,0,300,'2021-12-21 20:02:23'),(283,38,59,117,'GON NAMGUNG',70000,70000,30000,29700,0,300,'2021-12-21 20:02:35'),(284,38,58,117,'JAY CHANG',70000,70000,30000,29700,0,300,'2021-12-21 20:02:41'),(285,38,57,117,'CY YOUN',70000,70000,30000,29700,0,300,'2021-12-21 20:02:50'),(286,38,61,117,'DAVID SON',80200,80200,19800,19500,0,300,'2021-12-21 20:03:02'),(287,38,58,117,'JAY CHANG',70000,70000,29000,28700,0,300,'2021-12-21 20:20:54'),(288,38,56,117,'JOSH KIM',70000,70000,30000,29700,0,300,'2021-12-21 20:26:30'),(289,38,61,117,'DAVID SON',40250,40250,28800,28500,0,300,'2021-12-21 20:30:30'),(290,38,59,117,'GON NAMGUNG',70000,70000,42250,41950,0,300,'2021-12-21 20:33:31'),(291,38,57,117,'CY YOUN',70000,70000,62150,61850,0,300,'2021-12-21 20:33:34'),(292,38,57,117,'CY YOUN',70000,70000,61850,61550,0,300,'2021-12-21 20:36:28'),(293,38,61,117,'DAVID SON',38750,38750,27600,27300,0,300,'2021-12-21 20:49:46'),(294,38,58,117,'JAY CHANG',70000,70000,31850,31550,0,300,'2021-12-21 20:52:26'),(295,38,56,117,'JOSH KIM',67300,67300,47300,47000,0,300,'2021-12-21 20:57:30'),(296,38,59,117,'GON NAMGUNG',70000,70000,29750,29450,0,300,'2021-12-21 21:03:35'),(297,38,57,117,'CY YOUN',70000,70000,80850,80550,0,300,'2021-12-21 21:06:56'),(298,38,71,117,'POKAHONTA SMITH',70000,70000,30000,29700,0,300,'2021-12-21 21:16:24'),(299,38,61,117,'DAVID SON',30550,30550,56450,56150,0,300,'2021-12-21 21:20:53'),(300,38,58,117,'JAY CHANG',40000,40000,23500,23200,0,300,'2021-12-21 21:22:14'),(301,38,56,117,'JOSH KIM',67300,67300,50950,50650,0,300,'2021-12-21 21:28:01'),(302,38,59,117,'GON NAMGUNG',40000,40000,17450,17150,0,300,'2021-12-21 21:35:26'),(303,38,57,117,'CY YOUN',70000,70000,83350,83050,0,300,'2021-12-21 21:38:42'),(304,38,71,117,'POKAHONTA SMITH',49750,49750,32550,32250,0,300,'2021-12-21 21:46:43'),(305,38,61,117,'DAVID SON',101750,101750,32400,32100,0,300,'2021-12-21 21:51:53'),(306,38,58,117,'JAY CHANG',10000,10000,17400,17100,0,300,'2021-12-21 21:53:30'),(307,38,56,117,'JOSH KIM',67300,67300,173600,173300,0,300,'2021-12-21 21:59:20'),(308,38,59,117,'GON NAMGUNG',20400,20400,23850,23550,0,300,'2021-12-21 22:06:17'),(309,38,57,117,'CY YOUN',70000,70000,143400,143100,0,300,'2021-12-21 22:09:04'),(310,38,71,117,'POKAHONTA SMITH',10000,10000,15050,14750,0,300,'2021-12-21 22:18:50'),(311,38,58,117,'JAY CHANG',70000,70000,30000,29700,0,300,'2021-12-21 22:20:53'),(312,38,61,117,'DAVID SON',57450,57450,82900,82600,0,300,'2021-12-21 22:22:53'),(313,38,59,117,'GON NAMGUNG',70000,70000,30000,29700,0,300,'2021-12-21 22:27:45'),(314,38,56,117,'JOSH KIM',67300,67300,123425,123125,0,300,'2021-12-21 22:30:33'),(315,38,57,117,'CY YOUN',70000,70000,223275,222975,0,300,'2021-12-21 22:40:36'),(316,38,56,119,'JOSH KIM',67300,67300,183200,182700,0,500,'2021-12-22 20:10:32'),(317,38,56,119,'JOSH KIM',0,0,50000,49500,0,500,'2021-12-22 20:14:17'),(318,38,72,119,'SUNG PAK',0,0,50000,49500,0,500,'2021-12-22 20:15:37'),(319,32,35,50,'DAVID SON',80000,80000,26500,26200,0,300,'2021-12-23 04:39:33'),(320,32,36,50,'SY CHOI',80000,80000,12600,12300,0,300,'2021-12-23 04:39:47'),(321,34,50,118,'JAY CHANG',60000,60000,20000,19800,0,200,'2021-12-23 14:24:24'),(322,34,50,118,'JAY CHANG',60000,60000,19800,19600,0,200,'2021-12-23 14:27:27'),(323,34,53,118,'JJ CHANG',80000,80000,20000,19800,0,200,'2021-12-23 14:27:50'),(324,34,50,118,'JAY CHANG',60000,60000,21300,21100,0,200,'2021-12-23 14:32:05'),(325,34,50,120,'JAY CHANG',60000,60000,21100,20600,0,500,'2021-12-23 14:55:58'),(326,34,53,120,'JJ CHANG',78100,78100,20000,19500,0,500,'2021-12-23 14:56:20'),(327,34,53,120,'JJ CHANG',78100,78100,21700,21200,0,500,'2021-12-23 14:58:30'),(328,34,53,120,'JJ CHANG',78100,78100,21400,20900,0,500,'2021-12-23 15:02:55'),(329,32,36,50,'SY CHOI',80000,80000,12500,12200,0,300,'2021-12-24 02:02:31'),(330,34,53,118,'JJ CHANG',79000,79000,20000,19800,0,200,'2021-12-27 06:51:50'),(331,34,50,118,'JAY CHANG',58200,58200,20000,19800,0,200,'2021-12-27 06:53:19'),(332,34,53,118,'JJ CHANG',79000,79000,19300,19100,0,200,'2021-12-27 06:56:23'),(333,34,50,118,'JAY CHANG',58200,58200,20300,20100,0,200,'2021-12-27 06:57:19'),(334,34,50,121,'JAY CHANG',58200,58200,20400,19900,0,500,'2021-12-27 07:03:11'),(335,34,53,118,'JJ CHANG',79000,79000,18800,18600,0,200,'2021-12-27 07:05:26'),(336,34,50,121,'JAY CHANG',38100,38100,40000,39500,0,500,'2021-12-27 07:09:21'),(337,34,53,118,'JJ CHANG',79000,79000,18600,18400,0,200,'2021-12-27 07:11:48'),(338,34,50,121,'JAY CHANG',38100,38100,39500,39000,0,500,'2021-12-27 07:13:15'),(339,34,50,118,'JAY CHANG',38100,38100,39000,38800,0,200,'2021-12-27 07:21:37'),(340,34,53,118,'JJ CHANG',79000,79000,18400,18200,0,200,'2021-12-27 07:21:54'),(341,38,74,122,'SPOODY BE',30000,30000,20000,19500,0,500,'2022-01-04 17:33:31'),(342,38,56,122,'JOSH KIM',0,0,46200,45700,0,500,'2022-01-04 17:33:47'),(343,38,56,123,'JOSH KIM',0,0,52050,51750,0,300,'2022-01-05 20:58:58'),(344,38,75,123,'LASH SIM',20000,20000,30000,29700,0,300,'2022-01-05 20:59:23'),(345,38,75,123,'LASH SIM',20000,20000,30000,29700,0,300,'2022-01-05 21:18:14'),(346,38,56,123,'JOSH KIM',22850,22850,30000,29700,0,300,'2022-01-05 21:18:28'),(347,38,75,123,'LASH SIM',42100,42100,30000,29700,0,300,'2022-01-05 21:21:04'),(348,38,56,123,'JOSH KIM',150,150,30000,29700,0,300,'2022-01-05 21:21:09'),(349,32,38,50,'GON NG',79700,79700,20000,19700,0,300,'2022-01-17 21:28:18'),(350,32,38,50,'GON NG',79700,79700,19700,19400,0,300,'2022-01-17 22:11:48'),(351,32,38,50,'GON NG',79700,79700,19400,19100,0,300,'2022-01-17 22:12:33'),(352,32,38,50,'GON NG',79700,79700,19100,18800,0,300,'2022-01-17 22:13:29'),(353,32,38,50,'GON NG',79700,79700,18800,18500,0,300,'2022-01-17 22:14:12'),(354,32,47,50,'DAVID SON',80000,80000,20000,19700,0,300,'2022-01-17 22:16:03'),(355,32,38,50,'GON NG',79700,79700,18400,18100,0,300,'2022-01-17 22:21:43'),(356,32,38,50,'GON NG',79700,79700,18100,17800,0,300,'2022-01-17 22:23:07'),(357,32,38,50,'GON NG',79700,79700,17800,17500,0,300,'2022-01-17 22:23:46'),(358,32,38,50,'GON NG',79700,79700,17500,17200,0,300,'2022-01-18 00:28:48'),(359,32,38,50,'GON NG',79700,79700,17200,16900,0,300,'2022-01-18 00:29:54'),(360,32,38,50,'GON NG',79700,79700,16900,16600,0,300,'2022-01-18 00:31:19'),(361,32,38,50,'GON NG',79700,79700,16600,16300,0,300,'2022-01-18 00:33:30'),(362,32,38,50,'GON NG',79700,79700,16300,16000,0,300,'2022-01-18 00:37:30'),(363,32,38,50,'GON NG',79700,79700,16000,15700,0,300,'2022-01-18 00:40:26'),(364,32,38,50,'GON NG',79700,79700,15700,15400,0,300,'2022-01-18 00:41:46'),(365,32,38,50,'GON NG',79700,79700,15400,15100,0,300,'2022-01-18 00:44:31'),(366,32,38,50,'GON NG',79700,79700,15100,14800,0,300,'2022-01-18 00:45:07'),(367,32,38,50,'GON NG',79700,79700,14800,14500,0,300,'2022-01-18 01:38:44'),(368,32,38,50,'GON NG',79700,79700,14500,14200,0,300,'2022-01-18 01:40:15'),(369,32,38,50,'GON NG',79700,79700,14120,13820,0,300,'2022-01-20 19:59:07'),(370,32,38,50,'GON NG',79700,79700,13820,13520,0,300,'2022-01-20 20:09:31'),(371,32,47,2,'DAVID SON',80000,80000,19800,19750,0,50,'2022-01-20 20:10:41'),(372,32,38,2,'GON NG',79700,79700,13520,13470,0,50,'2022-01-20 20:11:50'),(373,32,38,50,'GON NG',79700,79700,13470,13170,0,300,'2022-01-21 01:16:05'),(374,32,47,50,'DAVID SON',80000,80000,19750,19450,0,300,'2022-01-21 01:16:37'),(375,32,47,50,'DAVID SON',80000,80000,19450,19150,0,300,'2022-01-21 01:41:15'),(376,32,47,1,'DAVID SON',80000,80000,19150,19100,0,50,'2022-01-23 20:53:43'),(377,32,47,3,'DAVID SON',80000,80000,19100,19050,0,50,'2022-01-23 20:54:12'),(378,32,47,2,'DAVID SON',80000,80000,19050,19000,0,50,'2022-01-24 01:37:56'),(379,32,47,2,'DAVID SON',80000,80000,19000,18950,0,50,'2022-01-24 01:39:05'),(380,32,47,2,'DAVID SON',80000,80000,18950,18900,0,50,'2022-01-24 01:48:03'),(381,32,38,50,'GON NG',79700,79700,13170,12870,0,300,'2022-01-24 03:36:51'),(382,32,38,50,'GON NG',79700,79700,12870,12570,0,300,'2022-01-24 03:37:38'),(383,32,38,50,'GON NG',79700,79700,12570,12270,0,300,'2022-01-24 03:39:02'),(384,32,47,50,'DAVID SON',80000,80000,18900,18600,0,300,'2022-01-24 03:39:14'),(385,32,47,50,'DAVID SON',80000,80000,18600,18300,0,300,'2022-01-24 03:39:52'),(386,32,38,50,'GON NG',79700,79700,12270,11970,0,300,'2022-01-24 03:39:59'),(387,32,38,50,'GON NG',79700,79700,11970,11670,0,300,'2022-01-24 03:40:15'),(388,32,47,50,'DAVID SON',80000,80000,18300,18000,0,300,'2022-01-24 03:40:26'),(389,32,47,50,'DAVID SON',78000,78000,20000,19700,0,300,'2022-01-24 03:46:59'),(390,32,38,50,'GON NG',71370,71370,20000,19700,0,300,'2022-01-24 03:47:05'),(391,32,38,50,'GON NG',71370,71370,19700,19400,0,300,'2022-01-24 03:47:11'),(392,32,47,2,'DAVID SON',78000,78000,19700,19650,0,50,'2022-01-24 03:50:17'),(393,32,38,2,'GON NG',71370,71370,19400,19350,0,50,'2022-01-24 03:50:22'),(394,32,47,3,'DAVID SON',58250,58250,20000,19950,0,50,'2022-01-24 03:52:08'),(395,32,38,3,'GON NG',71370,71370,38750,38700,0,50,'2022-01-24 03:52:12'),(396,32,38,50,'GON NG',71370,71370,38850,38550,0,300,'2022-01-25 20:32:20'),(397,32,47,50,'DAVID SON',58250,58250,19800,19500,0,300,'2022-01-25 20:32:25'),(398,32,47,50,'DAVID SON',58250,58250,19500,19200,0,300,'2022-01-25 20:32:30'),(399,32,43,50,'CG YOUN',865555,865555,20000,19700,0,300,'2022-01-25 20:32:35'),(400,32,38,2,'GON NG',71370,71370,38550,38500,0,50,'2022-01-25 20:33:02'),(401,32,47,2,'DAVID SON',58250,58250,19200,19150,0,50,'2022-01-25 20:33:09'),(402,32,43,2,'CG YOUN',865555,865555,19700,19650,0,50,'2022-01-25 20:33:12'),(403,32,38,2,'GON NG',71370,71370,38650,38600,0,50,'2022-01-25 20:36:46'),(404,32,47,1,'DAVID SON',58250,58250,18850,18800,0,50,'2022-01-25 20:36:50'),(405,32,47,2,'DAVID SON',58250,58250,18800,18750,0,50,'2022-01-25 20:36:55'),(406,32,43,2,'CG YOUN',865555,865555,19500,19450,0,50,'2022-01-25 20:37:02'),(407,32,38,2,'GON NG',71370,71370,38450,38400,0,50,'2022-01-25 20:39:45'),(408,32,47,2,'DAVID SON',58250,58250,18900,18850,0,50,'2022-01-25 20:39:53'),(409,32,43,2,'CG YOUN',865555,865555,19300,19250,0,50,'2022-01-25 20:39:57'),(410,32,38,2,'GON NG',71370,71370,38300,38250,0,50,'2022-01-25 20:46:02'),(411,32,47,2,'DAVID SON',58250,58250,18800,18750,0,50,'2022-01-25 20:46:12'),(412,32,47,1,'DAVID SON',58250,58250,18650,18600,0,50,'2022-01-25 20:48:33'),(413,32,38,1,'GON NG',71370,71370,38350,38300,0,50,'2022-01-25 20:48:34'),(414,32,38,1,'GON NG',71370,71370,38300,38250,0,50,'2022-01-25 20:58:13'),(415,32,47,1,'DAVID SON',58250,58250,18600,18550,0,50,'2022-01-25 20:58:14'),(416,32,38,1,'GON NG',71370,71370,38350,38300,0,50,'2022-01-25 21:14:46'),(417,32,47,1,'DAVID SON',58250,58250,18450,18400,0,50,'2022-01-25 21:14:49'),(418,32,38,50,'GON NG',71370,71370,38500,38200,0,300,'2022-01-27 20:55:26'),(419,32,38,128,'GON NG',71370,71370,38200,38150,0,50,'2022-01-27 20:55:36'),(420,32,38,129,'GON NG',682002,682002,20000,19800,1800,200,'2022-02-08 21:14:56'),(421,32,38,129,'GON NG',683002,683002,20000,19800,1800,200,'2022-02-10 19:58:07'),(422,33,38,140,'GON NG',697802,697802,5000,4980,1800,20,'2022-02-10 20:08:53'),(423,32,38,129,'GON NG',683032,683032,20000,19800,1800,200,'2022-02-10 21:09:40'),(424,32,35,129,'DAVID SON',241049,241049,16800,16600,1800,200,'2022-02-10 21:09:52'),(425,33,38,140,'GON NG',697482,697482,5000,4980,1800,20,'2022-02-14 03:47:05');
/*!40000 ALTER TABLE `time_purchase` ENABLE KEYS */;
UNLOCK TABLES;

--
-- Table structure for table `user_table`
--

DROP TABLE IF EXISTS `user_table`;
/*!40101 SET @saved_cs_client     = @@character_set_client */;
/*!50503 SET character_set_client = utf8mb4 */;
CREATE TABLE `user_table` (
  `id` int unsigned NOT NULL AUTO_INCREMENT,
  `code` varchar(8) CHARACTER SET utf8mb3 COLLATE utf8mb3_general_ci NOT NULL,
  `avatar` int DEFAULT '0',
  `phone` varchar(20) CHARACTER SET utf8mb3 COLLATE utf8mb3_general_ci NOT NULL,
  `email` varchar(45) CHARACTER SET utf8mb4 COLLATE utf8mb4_0900_ai_ci NOT NULL,
  `recommender` int unsigned NOT NULL,
  `firstName` varchar(12) CHARACTER SET utf8mb3 COLLATE utf8mb3_general_ci NOT NULL,
  `lastName` varchar(12) CHARACTER SET utf8mb3 COLLATE utf8mb3_general_ci NOT NULL,
  `gender` tinyint(1) NOT NULL DEFAULT '0',
  `roomID` int NOT NULL DEFAULT '-1',
  `remainTime` int unsigned NOT NULL DEFAULT '0',
  `publicRemainTime` int DEFAULT '0',
  `balance` int unsigned NOT NULL DEFAULT '0',
  `publicRoomID` int NOT NULL DEFAULT '-1',
  `chip` int unsigned NOT NULL DEFAULT '0',
  `publicChip` int DEFAULT '0',
  `rake` int unsigned NOT NULL DEFAULT '0',
  `purchase` bigint unsigned NOT NULL DEFAULT '0',
  `purchaseCount` int unsigned NOT NULL DEFAULT '0',
  `redeem` bigint unsigned NOT NULL DEFAULT '0',
  `redeemCount` int unsigned NOT NULL DEFAULT '0',
  `activeSessionId` varchar(128) CHARACTER SET utf8mb3 COLLATE utf8mb3_general_ci DEFAULT '',
  `pendingSessionId` varchar(128) CHARACTER SET utf8mb3 COLLATE utf8mb3_general_ci DEFAULT '',
  `pendingSessionTimestamp` bigint DEFAULT '0',
  `spendTime` bigint unsigned NOT NULL DEFAULT '0',
  `loginCount` int unsigned NOT NULL DEFAULT '0',
  `loginDate` datetime NOT NULL DEFAULT CURRENT_TIMESTAMP,
  `logoutDate` datetime NOT NULL DEFAULT CURRENT_TIMESTAMP,
  `updateDate` datetime NOT NULL DEFAULT CURRENT_TIMESTAMP,
  `createDate` datetime NOT NULL DEFAULT CURRENT_TIMESTAMP,
  `disable` tinyint(1) NOT NULL DEFAULT '0',
  `alive` tinyint(1) NOT NULL DEFAULT '1',
  PRIMARY KEY (`id`,`code`)
) ENGINE=InnoDB AUTO_INCREMENT=76 DEFAULT CHARSET=utf8mb4 COLLATE=utf8mb4_general_ci;
/*!40101 SET character_set_client = @saved_cs_client */;

--
-- Dumping data for table `user_table`
--

LOCK TABLES `user_table` WRITE;
/*!40000 ALTER TABLE `user_table` DISABLE KEYS */;
INSERT INTO `user_table` VALUES (35,'11111111',4,'01072387784','cpdragon@naver.com',32,'DAVID','SON',0,-1,180,0,116169,-1,0,0,3745,1200,3,100,1,'','',1678937839285,0,0,'2023-03-15 23:37:19','2022-02-25 01:29:56','2023-03-15 23:37:28','2021-11-23 00:29:46',0,1),(36,'22222222',2,'01074441476','',32,'SY','CHOI',0,128,0,0,245300,-1,0,0,3545,2000,2,1922,1,'','',1678874878896,0,0,'2023-03-15 06:07:58','2022-02-04 03:55:02','2023-03-15 06:09:13','2021-11-23 05:57:00',0,1),(38,'33333333',0,'01099599771','nggon@bnfgames.com',32,'GON','NG',0,50,180,0,677052,-1,25300,0,400,0,0,0,0,'','',1678857814970,0,0,'2023-03-15 01:23:34','2022-02-25 01:14:25','2023-03-15 01:27:14','2021-11-25 15:16:10',0,1),(39,'56727063',0,'71426682691','jaychang84@gmail.com',32,'JAY','CHANG',0,-1,0,0,0,-1,0,0,0,0,0,0,0,'','',1638841970009,0,0,'2021-12-21 13:11:10','2021-12-21 13:11:10','2022-01-14 16:44:51','2021-11-25 15:17:04',0,1),(40,'46012004',0,'0101110001','',32,'JAY2','CHANG',0,50,0,0,0,-1,0,0,0,0,0,0,0,'','',1638835736086,0,0,'2021-12-21 13:11:10','2021-12-21 13:11:10','2022-01-14 16:44:38','2021-11-25 15:17:32',1,1),(41,'80220588',0,'01085019546','fattuna@naver.com',32,'CK','KIM',0,-1,0,0,0,-1,0,0,0,0,0,0,0,'','',1640107518940,0,0,'2021-12-21 13:11:10','2021-12-21 13:11:10','2021-12-21 13:11:10','2021-11-25 15:18:05',0,1),(42,'18222051',0,'0101110002','forthegolf@gmail.com',32,'JOSHUA','KIM',0,-1,0,0,0,-1,0,0,0,0,0,0,0,'','',1638841993198,0,0,'2021-12-21 13:11:10','2021-12-21 13:11:10','2022-01-14 16:44:51','2021-11-25 15:18:27',0,1),(43,'16636025',0,'0101110003','',32,'CG','YOUN',0,50,0,0,865555,-1,19150,0,0,0,0,0,0,'','',1643161196348,0,0,'2022-01-25 20:39:56','2022-01-25 20:32:44','2022-01-25 20:39:59','2021-11-25 15:18:48',0,1),(44,'16513008',0,'0101110004','',32,'GUEST1','GUEST',0,-1,0,0,0,-1,0,0,0,0,0,0,0,'','',0,0,0,'2021-12-21 13:11:10','2021-12-21 13:11:10','2021-12-21 13:11:10','2021-11-25 15:19:32',0,1),(45,'50089760',0,'0101110005','',32,'GUEST2','GUEST',0,-1,0,0,0,-1,0,0,0,0,0,0,0,'','',0,0,0,'2021-12-21 13:11:10','2021-12-21 13:11:10','2021-12-21 13:11:10','2021-11-25 15:19:56',0,1),(46,'10846100',0,'0101110008','',32,'GUEST','GUEST',0,-1,0,0,0,-1,0,0,0,0,0,0,0,'','',0,0,0,'2021-12-21 13:11:10','2021-12-21 13:11:10','2021-12-21 13:11:10','2021-11-27 02:53:59',0,1),(47,'33333333',0,'01072387784','son@bnfgames.com',32,'DAVID','SON',0,50,0,0,194400,-1,0,0,0,1000,1,0,0,'','',1645169883995,0,0,'2022-02-18 02:38:04','2022-02-04 03:54:30','2022-02-18 02:38:10','2021-11-28 01:30:20',0,1),(50,'10060810',0,'7142668269','jaychang84@gmail.com',34,'JAY','CHANG',0,118,0,0,38100,-1,39100,0,0,1000,1,200,1,'','',1640607671431,0,0,'2021-12-27 07:21:11','2021-12-27 07:25:54','2021-12-27 07:25:54','2021-12-09 03:59:40',0,1),(51,'24424735',0,'01072387784','cpdragon@naver.com',32,'24DAivit','5125151Si',0,-1,0,0,90000,-1,0,0,0,1000,1,100,1,'','',1640134912206,0,0,'2021-12-21 20:01:52','2021-12-21 20:02:28','2022-01-14 16:44:51','2021-12-09 04:00:32',0,1),(52,'65515456',0,'9103334456','hearthaja@gmail.com',35,'JOSH','UA',0,-1,0,0,0,-1,0,0,0,0,0,0,0,'','',0,0,0,'2021-12-21 13:11:10','2021-12-21 13:11:10','2021-12-21 13:11:10','2021-12-09 21:14:13',0,1),(53,'12772036',0,'7142668269','jjchang84@gmail.com',34,'JJ','CHANG',0,118,0,0,79000,-1,17900,0,0,1000,1,0,0,'','',1640607652822,0,0,'2021-12-27 07:20:53','2021-12-27 07:25:51','2021-12-27 07:25:51','2021-12-13 18:00:40',0,1),(54,'76554057',0,'9104458839','forthegolf1@gmail.com',34,'JOSH','UA',0,-1,0,0,0,-1,0,0,0,0,0,0,0,'','',1639538725867,0,0,'2021-12-21 13:11:10','2021-12-21 13:11:10','2021-12-27 06:49:52','2021-12-14 22:23:33',0,1),(55,'44869224',0,'9102223333','LarryEllerbe2003@gmail.com',39,'LARRY','ELLERBE',0,-1,0,0,0,-1,0,0,0,0,0,0,0,'','',0,0,0,'2021-12-21 13:11:10','2021-12-21 13:11:10','2022-01-10 15:57:01','2021-12-18 18:23:29',0,1),(56,'30236680',0,'9101112222','hearthaja@gmail.com',38,'JOSH','KIM',0,-1,0,0,36050,-1,0,0,0,2000,2,2998,2,'','',1641435657995,0,0,'2022-01-05 21:20:58','2022-01-05 21:24:48','2022-01-13 11:00:32','2021-12-18 19:19:19',0,1),(57,'14508820',0,'9101113333','changuyoun@gmail.com',38,'CY','YOUN',0,-1,0,0,303625,-1,0,0,0,1000,1,0,0,'','',1640136974269,0,0,'2021-12-21 20:36:14','2021-12-21 22:46:40','2022-01-13 11:00:32','2021-12-18 19:20:51',0,1),(58,'90232060',0,'9101114444','jaychang84@gmail.com',38,'JAY','CHANG',0,-1,0,0,70000,-1,0,0,0,2000,2,0,0,'','',1640143241068,0,0,'2021-12-21 22:20:41','2021-12-21 22:47:22','2022-01-13 11:00:32','2021-12-18 19:23:38',0,1),(59,'28438659',0,'9101115555','gonii78@gmail.com',38,'GON','NAMGUNG',0,-1,0,0,80550,-1,0,0,0,2000,2,0,0,'','',1640143652497,0,0,'2021-12-21 22:27:33','2021-12-21 22:56:32','2022-01-13 11:00:32','2021-12-18 19:37:08',0,1),(60,'10802588',0,'9101116666','ckkimgravity@gmail.com',38,'CK','KIM',0,-1,0,0,100000,-1,0,0,0,1000,1,0,0,'','',1639879860872,0,0,'2021-12-21 13:11:10','2021-12-21 13:11:10','2022-01-13 11:00:32','2021-12-18 19:39:44',0,1),(61,'35968935',0,'9101117777','son@bnfgames.com',38,'DAVID','SON',0,117,0,0,57450,-1,53625,0,0,2000,2,0,0,'','',1640137776848,0,0,'2021-12-21 20:49:37','2021-12-21 22:47:06','2021-12-21 22:47:06','2021-12-18 19:40:56',0,1),(62,'45488610',0,'010994995923923','gonii78@asdasd.com',33,'ISAAA','KKKK',0,115,0,0,1000000,-1,0,0,0,10000,1,0,0,'','',1640132431966,0,0,'2021-12-21 19:20:32','2021-12-21 19:21:12','2021-12-21 19:21:12','2021-12-18 21:17:37',0,1),(63,'40500350',0,'123123123213','fgsdafsdf@gmail.com',33,'BB','CC',0,-1,0,0,0,-1,0,0,0,0,0,0,0,'','',1639884337242,0,0,'2021-12-21 13:11:10','2021-12-21 13:11:10','2021-12-21 13:11:10','2021-12-18 21:19:26',0,1),(64,'24057059',0,'01093949123','ddsd@gmail.com',33,'FISTR','NASDM',0,-1,0,0,0,-1,0,0,0,0,0,0,0,'','',1639884328555,0,0,'2021-12-21 13:11:10','2021-12-21 13:11:10','2021-12-21 13:11:10','2021-12-18 21:19:52',0,1),(65,'57478045',0,'12312312123','asdasdas@gmail.com',33,'ASDCC','ASDQW',0,-1,0,0,0,-1,0,0,0,0,0,0,0,'','fX-1jM-Kr',1639884396931,0,0,'2021-12-21 13:11:10','2021-12-21 13:11:10','2021-12-21 13:11:10','2021-12-18 21:23:49',0,1),(66,'74225066',0,'0102030223','ndsfs@gmail.com',33,'ASDZX','ASDZXC',0,-1,0,0,0,-1,0,0,0,0,0,0,0,'','',1639884679583,0,0,'2021-12-21 13:11:10','2021-12-21 13:11:10','2021-12-21 13:11:10','2021-12-18 22:29:36',0,1),(67,'54586675',0,'0','son@bnf.com',32,'FFF','LLL',0,-1,0,0,0,-1,0,0,0,0,0,0,0,'','',0,0,0,'2021-12-21 13:11:10','2021-12-21 13:11:10','2021-12-21 13:11:10','2021-12-21 13:51:38',1,1),(68,'23043163',0,'','eee@g.com',32,'FFFF1','FFFF2',0,-1,0,0,0,-1,0,0,0,0,0,0,0,'','',0,0,0,'2021-12-21 13:11:10','2021-12-21 13:11:10','2021-12-21 13:11:10','2021-12-21 13:57:11',1,1),(69,'77105418',0,'','ddd@g.com',32,'ABC','DDD',0,-1,0,0,0,-1,0,0,0,0,0,0,0,'','',0,0,0,'2021-12-21 13:11:10','2021-12-21 13:11:10','2022-01-14 16:08:06','2021-12-21 14:00:30',0,1),(70,'40860046',0,'','abc@naver.com',32,'AB2','BC2',0,-1,0,0,0,-1,0,0,0,0,0,0,0,'','',0,0,0,'2021-12-21 13:11:10','2021-12-21 13:11:10','2021-12-21 13:11:10','2021-12-22 00:39:23',1,1),(71,'89402828',0,'9101119999','mihwatap@gmail.com',38,'POKAHONTA','SMITH',0,117,0,0,0,-1,74250,0,0,1000,1,0,0,'','',1640139374367,0,0,'2021-12-21 21:16:14','2021-12-21 22:29:19','2021-12-21 22:29:19','2021-12-21 21:13:58',0,1),(72,'43004204',0,'9101111212','ppppot44@gmail.com',38,'SUNG','PAK',0,119,0,0,0,-1,52800,0,0,500,1,0,0,'','',1640222118250,0,0,'2021-12-22 20:15:18','2021-12-22 20:18:32','2021-12-22 20:18:32','2021-12-22 20:07:09',0,1),(73,'14862417',0,'','a@naver.com',32,'123123','123123123',0,50,0,0,0,-1,0,0,0,0,0,0,0,'','',0,0,0,'2021-12-23 16:18:52','2021-12-23 16:18:52','2022-01-14 15:54:05','2021-12-23 16:18:52',0,1),(74,'12704448',0,'7041112222','xbell21@yahoo.com',38,'SPOODY','BE',0,122,0,0,0,-1,43150,0,0,500,1,0,0,'','',1641335557291,0,0,'2022-01-04 17:32:37','2022-01-04 17:58:55','2022-01-04 17:58:55','2022-01-04 12:53:57',0,1),(75,'36098485',0,'6795887090','shansimons@gmail.com',38,'LASH','SIM',1,123,0,0,42100,-1,23500,0,0,1300,3,786,1,'','',1641435654605,0,0,'2022-01-05 21:20:54','2022-01-05 21:29:41','2022-01-05 21:29:41','2022-01-05 20:50:44',0,1);
/*!40000 ALTER TABLE `user_table` ENABLE KEYS */;
UNLOCK TABLES;

--
-- Table structure for table `users`
--

DROP TABLE IF EXISTS `users`;
/*!40101 SET @saved_cs_client     = @@character_set_client */;
/*!50503 SET character_set_client = utf8mb4 */;
CREATE TABLE `users` (
  `id` int unsigned NOT NULL AUTO_INCREMENT,
  `uid` varchar(20) CHARACTER SET utf8mb3 COLLATE utf8mb3_general_ci NOT NULL,
  `nickname` varchar(20) CHARACTER SET utf8mb3 COLLATE utf8mb3_general_ci NOT NULL,
  `password` varchar(20) CHARACTER SET utf8mb3 COLLATE utf8mb3_general_ci NOT NULL,
  `avatar` int NOT NULL DEFAULT '0',
  `grade` int NOT NULL DEFAULT '0',
  `balance` int unsigned NOT NULL DEFAULT '0',
  `chip` int unsigned NOT NULL DEFAULT '0',
  `roomID` int NOT NULL DEFAULT '-1',
  `rake` int unsigned NOT NULL DEFAULT '0',
  `transferpassword` varchar(20) CHARACTER SET utf8mb3 COLLATE utf8mb3_general_ci NOT NULL,
  `phone` varchar(20) CHARACTER SET utf8mb3 COLLATE utf8mb3_general_ci NOT NULL,
  `bank` varchar(20) CHARACTER SET utf8mb3 COLLATE utf8mb3_general_ci NOT NULL,
  `holder` varchar(20) CHARACTER SET utf8mb3 COLLATE utf8mb3_general_ci NOT NULL,
  `account` varchar(20) CHARACTER SET utf8mb3 COLLATE utf8mb3_general_ci NOT NULL,
  `recommender` varchar(20) CHARACTER SET utf8mb3 COLLATE utf8mb3_general_ci NOT NULL,
  `purchase` bigint unsigned NOT NULL DEFAULT '0',
  `purchaseCount` int unsigned NOT NULL DEFAULT '0',
  `redeem` bigint unsigned NOT NULL DEFAULT '0',
  `redeemCount` int unsigned NOT NULL DEFAULT '0',
  `activeSessionId` varchar(128) CHARACTER SET utf8mb3 COLLATE utf8mb3_general_ci DEFAULT '',
  `pendingSessionId` varchar(128) CHARACTER SET utf8mb3 COLLATE utf8mb3_general_ci DEFAULT '',
  `pendingSessionTimestamp` bigint DEFAULT '0',
  `loginCount` int unsigned NOT NULL DEFAULT '0',
  `loginDate` datetime NOT NULL DEFAULT CURRENT_TIMESTAMP,
  `logoutDate` datetime NOT NULL DEFAULT CURRENT_TIMESTAMP,
  `updateDate` datetime NOT NULL DEFAULT CURRENT_TIMESTAMP,
  `createDate` datetime NOT NULL DEFAULT CURRENT_TIMESTAMP,
  `disable` tinyint(1) NOT NULL DEFAULT '0',
  `alive` tinyint(1) NOT NULL DEFAULT '1',
  `pending` tinyint(1) NOT NULL DEFAULT '1',
  PRIMARY KEY (`id`,`uid`)
) ENGINE=InnoDB AUTO_INCREMENT=15 DEFAULT CHARSET=utf8mb4 COLLATE=utf8mb4_general_ci;
/*!40101 SET character_set_client = @saved_cs_client */;

--
-- Dumping data for table `users`
--

LOCK TABLES `users` WRITE;
/*!40000 ALTER TABLE `users` DISABLE KEYS */;
INSERT INTO `users` VALUES (1,'gonii','nggon','972130',13,1,13131633,0,-1,125,'972130','01099599771','','','01099599771','XMDEDF',0,0,0,0,'','7W73GM1Rf',1679477570555,0,'2023-03-22 18:32:32','2023-03-20 12:17:50','2023-03-22 18:33:59','2023-03-20 12:17:50',0,1,0),(2,'nggon','elektra','972130',0,0,997910,0,2,115,'972130','01099599771','','','01099599771','SHOWME',0,0,0,0,'','',1679477482139,0,'2023-03-22 18:31:22','2023-03-20 12:45:47','2023-03-22 18:31:39','2023-03-20 12:45:47',0,1,0),(3,'nggon1','elektra1','972130',0,0,0,0,-1,0,'972130','01099599771','','','01099599771','SHOWME',0,0,0,0,'','',0,0,'2023-03-20 12:48:23','2023-03-20 12:48:23','2023-03-20 12:48:23','2023-03-20 12:48:23',0,1,1),(4,'nggon2','elektra2','972130',0,0,0,0,-1,0,'972130','01099599771','','','01099599771','SHOWME',0,0,0,0,'','',0,0,'2023-03-20 12:59:25','2023-03-20 12:59:25','2023-03-20 12:59:25','2023-03-20 12:59:25',0,1,1),(5,'nggon4','nggon4','972130',0,0,0,0,-1,0,'972130','01099599771','','','010-9599-9771','XMSMDS',0,0,0,0,'','',0,0,'2023-03-20 13:00:18','2023-03-20 13:00:18','2023-03-20 13:00:18','2023-03-20 13:00:18',0,1,1),(6,'nggon5','nggon5','972130',0,0,0,0,-1,0,'972130','01099599771','','','010-9599-9771','XMSMDS',0,0,0,0,'','',0,0,'2023-03-20 13:01:54','2023-03-20 13:01:54','2023-03-20 13:01:54','2023-03-20 13:01:54',0,1,1),(7,'nggon6','nggon6','972130',0,0,0,0,-1,0,'972130','01099599771','','','010-9599-9771','XMSMDS',0,0,0,0,'','',0,0,'2023-03-20 13:03:27','2023-03-20 13:03:27','2023-03-20 13:03:27','2023-03-20 13:03:27',0,1,1),(8,'nggon7','nggon7','972130',0,0,0,0,-1,0,'972130','01099599771','','','010-9599-9771','XMSMDS',0,0,0,0,'','',0,0,'2023-03-20 13:04:33','2023-03-20 13:04:33','2023-03-20 13:04:33','2023-03-20 13:04:33',0,1,1),(9,'nggon8','nggon8','972130',0,0,0,0,-1,0,'972130','01099599771','','','010-9599-9771','XMSMDS',0,0,0,0,'','',0,0,'2023-03-20 13:14:09','2023-03-20 13:14:09','2023-03-20 13:14:09','2023-03-20 13:14:09',0,1,1),(10,'nggon9','nggon9','972130',0,0,0,0,-1,0,'972130','01099599771','','','010-9599-9771','XMSMDS',0,0,0,0,'','',0,0,'2023-03-20 13:15:11','2023-03-20 13:15:11','2023-03-20 13:15:11','2023-03-20 13:15:11',0,1,1),(11,'ghghgh','asdsadsad','12312dsad',0,0,0,0,-1,0,'132312sad','1023123213','123123','123123','123123','23123213',0,0,0,0,'','',0,0,'2023-03-20 13:15:50','2023-03-20 13:15:50','2023-03-20 13:15:50','2023-03-20 13:15:50',0,1,1),(12,'ghghgh1','asdsadsad1','12312dsad',0,0,0,0,-1,0,'132312sad','1023123213','123123','123123','123123','23123213',0,0,0,0,'','',0,0,'2023-03-20 13:22:34','2023-03-20 13:22:34','2023-03-20 13:22:34','2023-03-20 13:22:34',0,1,1),(13,'saddwqe','wqewqsad','123123',0,0,0,0,-1,0,'123213','1232131','13123','sadsa','sad123123','132123213',0,0,0,0,'','',0,0,'2023-03-20 13:22:57','2023-03-20 13:22:57','2023-03-20 13:22:57','2023-03-20 13:22:57',0,1,1),(14,'sad123123','sad21321','asdsa123213',0,0,0,0,-1,0,'assadd','123213213','123123123','12312312','sad213123213','132123123',0,0,0,0,'','',0,0,'2023-03-20 13:24:21','2023-03-20 13:24:21','2023-03-20 13:24:21','2023-03-20 13:24:21',0,1,1);
/*!40000 ALTER TABLE `users` ENABLE KEYS */;
UNLOCK TABLES;
/*!40103 SET TIME_ZONE=@OLD_TIME_ZONE */;

/*!40101 SET SQL_MODE=@OLD_SQL_MODE */;
/*!40014 SET FOREIGN_KEY_CHECKS=@OLD_FOREIGN_KEY_CHECKS */;
/*!40014 SET UNIQUE_CHECKS=@OLD_UNIQUE_CHECKS */;
/*!40101 SET CHARACTER_SET_CLIENT=@OLD_CHARACTER_SET_CLIENT */;
/*!40101 SET CHARACTER_SET_RESULTS=@OLD_CHARACTER_SET_RESULTS */;
/*!40101 SET COLLATION_CONNECTION=@OLD_COLLATION_CONNECTION */;
/*!40111 SET SQL_NOTES=@OLD_SQL_NOTES */;

-- Dump completed on 2023-03-22 18:35:35
