-- MySQL dump 10.13  Distrib 8.0.30, for Win64 (x86_64)
--
-- Host: localhost    Database: holdem
-- ------------------------------------------------------
-- Server version	8.0.30

/*!40101 SET @OLD_CHARACTER_SET_CLIENT=@@CHARACTER_SET_CLIENT */;
/*!40101 SET @OLD_CHARACTER_SET_RESULTS=@@CHARACTER_SET_RESULTS */;
/*!40101 SET @OLD_COLLATION_CONNECTION=@@COLLATION_CONNECTION */;
/*!50503 SET NAMES utf8 */;
/*!40103 SET @OLD_TIME_ZONE=@@TIME_ZONE */;
/*!40103 SET TIME_ZONE='+00:00' */;
/*!40014 SET @OLD_UNIQUE_CHECKS=@@UNIQUE_CHECKS, UNIQUE_CHECKS=0 */;
/*!40014 SET @OLD_FOREIGN_KEY_CHECKS=@@FOREIGN_KEY_CHECKS, FOREIGN_KEY_CHECKS=0 */;
/*!40101 SET @OLD_SQL_MODE=@@SQL_MODE, SQL_MODE='NO_AUTO_VALUE_ON_ZERO' */;
/*!40111 SET @OLD_SQL_NOTES=@@SQL_NOTES, SQL_NOTES=0 */;

--
-- Table structure for table `admin_table`
--

DROP TABLE IF EXISTS `admin_table`;
/*!40101 SET @saved_cs_client     = @@character_set_client */;
/*!50503 SET character_set_client = utf8mb4 */;
CREATE TABLE `admin_table` (
  `id` int unsigned NOT NULL AUTO_INCREMENT,
  `code` varchar(8) CHARACTER SET utf8mb3 COLLATE utf8mb3_general_ci NOT NULL,
  `type` tinyint(1) NOT NULL,
  `name` varchar(12) CHARACTER SET utf8mb3 COLLATE utf8mb3_general_ci NOT NULL,
  `country` tinyint(1) NOT NULL DEFAULT '0',
  `phone` varchar(20) CHARACTER SET utf8mb3 COLLATE utf8mb3_general_ci DEFAULT '',
  `status` tinyint(1) NOT NULL DEFAULT '0',
  `loginCount` int unsigned NOT NULL DEFAULT '0',
  `spendTime` bigint unsigned NOT NULL DEFAULT '0',
  `disable` tinyint(1) NOT NULL DEFAULT '0',
  `updateDate` datetime NOT NULL DEFAULT CURRENT_TIMESTAMP,
  `createDate` datetime NOT NULL DEFAULT CURRENT_TIMESTAMP,
  PRIMARY KEY (`id`,`code`)
) ENGINE=InnoDB AUTO_INCREMENT=40 DEFAULT CHARSET=utf8mb4 COLLATE=utf8mb4_general_ci;
/*!40101 SET character_set_client = @saved_cs_client */;

--
-- Dumping data for table `admin_table`
--

LOCK TABLES `admin_table` WRITE;
/*!40000 ALTER TABLE `admin_table` DISABLE KEYS */;
INSERT INTO `admin_table` VALUES (32,'2742',5,'admin1',0,'',1,162,0,0,'2022-03-17 14:28:35','2021-12-09 03:19:12'),(33,'4875',4,'admin2',0,'',1,119,0,0,'2022-02-08 17:55:49','2021-12-09 03:19:12'),(34,'2691',4,'admin3',0,'',1,45,0,0,'2022-01-06 19:43:28','2021-12-09 03:19:12'),(35,'78442516',3,'operator',0,'',1,6,0,0,'2021-12-15 11:28:06','2021-12-09 03:19:12'),(36,'75260094',2,'manager',0,'',0,0,0,0,'2021-12-09 03:19:12','2021-12-09 03:19:12'),(37,'12022820',1,'cashier',0,'',0,0,0,0,'2021-12-09 03:19:12','2021-12-09 03:19:12'),(38,'38295539',3,'oper1',0,'',1,9,0,0,'2022-01-05 20:49:15','2021-12-18 18:08:16'),(39,'84938817',3,'oper2',0,'',1,2,0,0,'2021-12-18 18:22:12','2021-12-18 18:08:32');
/*!40000 ALTER TABLE `admin_table` ENABLE KEYS */;
UNLOCK TABLES;

--
-- Table structure for table `buyins`
--

DROP TABLE IF EXISTS `buyins`;
/*!40101 SET @saved_cs_client     = @@character_set_client */;
/*!50503 SET character_set_client = utf8mb4 */;
CREATE TABLE `buyins` (
  `id` int NOT NULL AUTO_INCREMENT,
  `userID` int NOT NULL,
  `tableID` int NOT NULL,
  `oldBalance` int unsigned NOT NULL,
  `balance` int unsigned NOT NULL,
  `oldChip` int unsigned NOT NULL,
  `chip` int unsigned NOT NULL,
  `amount` int unsigned NOT NULL,
  `createDate` datetime NOT NULL DEFAULT CURRENT_TIMESTAMP,
  PRIMARY KEY (`id`)
) ENGINE=InnoDB AUTO_INCREMENT=607 DEFAULT CHARSET=utf8mb4 COLLATE=utf8mb4_general_ci;
/*!40101 SET character_set_client = @saved_cs_client */;

--
-- Dumping data for table `buyins`
--

LOCK TABLES `buyins` WRITE;
/*!40000 ALTER TABLE `buyins` DISABLE KEYS */;
INSERT INTO `buyins` VALUES (1,1,1,13132123,13130123,0,2000,2000,'2023-03-22 15:24:02'),(2,1,1,13132123,13131123,0,1000,1000,'2023-03-22 16:38:47'),(3,1,1,13132123,13131123,0,1000,1000,'2023-03-22 16:39:03'),(4,1,2,13132123,13122123,0,10000,10000,'2023-03-22 17:01:20'),(5,1,1,13132123,13131123,0,1000,1000,'2023-03-22 17:05:07'),(6,1,1,13132123,13130123,0,2000,2000,'2023-03-22 17:06:41'),(7,2,1,1000000,999000,0,1000,1000,'2023-03-22 17:30:52'),(8,1,1,13132123,13130123,0,2000,2000,'2023-03-22 17:36:56'),(9,2,1,1000000,999000,0,1000,1000,'2023-03-22 17:37:29'),(10,2,1,1000260,999260,0,1000,1000,'2023-03-22 17:52:34'),(11,2,1,1000260,999260,0,1000,1000,'2023-03-22 17:54:14'),(12,2,1,1000260,999260,0,1000,1000,'2023-03-22 17:55:55'),(13,2,1,1000260,999260,0,1000,1000,'2023-03-22 17:58:47'),(14,1,1,13131823,13129823,0,2000,2000,'2023-03-22 18:21:46'),(15,2,1,1000260,998260,0,2000,2000,'2023-03-22 18:21:53'),(16,2,1,998260,997210,950,2000,1050,'2023-03-22 18:23:25'),(17,1,2,13132633,13127633,0,5000,5000,'2023-03-22 18:31:26'),(18,2,2,998410,988410,0,10000,10000,'2023-03-22 18:31:32'),(19,1,2,13131633,13126633,0,5000,5000,'2023-03-22 18:32:47'),(20,1,2,13126633,13121633,5000,10000,5000,'2023-03-22 18:33:20'),(21,2,2,997910,992910,0,5000,5000,'2023-03-24 15:42:53'),(22,1,2,13131633,13126633,0,5000,5000,'2023-03-24 15:42:55'),(23,2,2,996910,991910,0,5000,5000,'2023-03-24 15:49:10'),(24,1,2,13132433,13127433,0,5000,5000,'2023-03-24 15:49:14'),(25,1,2,13133933,13083933,0,50000,50000,'2023-03-24 15:58:04'),(26,2,2,994910,944910,0,50000,50000,'2023-03-24 15:58:06'),(27,2,2,994260,944260,0,50000,50000,'2023-03-24 16:05:02'),(28,1,2,13132783,13082783,0,50000,50000,'2023-03-24 16:05:04'),(29,1,2,13132633,13082633,0,50000,50000,'2023-03-24 16:29:12'),(30,2,2,992760,942760,0,50000,50000,'2023-03-24 16:29:14'),(31,1,2,13131133,13081133,0,50000,50000,'2023-03-24 16:32:26'),(32,2,2,992610,942610,0,50000,50000,'2023-03-24 16:32:28'),(33,2,2,992460,942460,0,50000,50000,'2023-03-24 16:36:54'),(34,1,2,13130983,13080983,0,50000,50000,'2023-03-24 16:36:54'),(35,1,2,13129983,13079983,0,50000,50000,'2023-03-24 16:37:39'),(36,2,2,991960,941960,0,50000,50000,'2023-03-24 16:37:41'),(37,1,2,13129483,13079483,0,50000,50000,'2023-03-24 16:46:59'),(38,2,2,990960,940960,0,50000,50000,'2023-03-24 16:47:00'),(39,1,2,13128833,13078833,0,50000,50000,'2023-03-24 16:48:45'),(40,1,2,13128833,13078833,0,50000,50000,'2023-03-24 16:50:05'),(41,2,2,991160,941160,0,50000,50000,'2023-03-24 16:50:06'),(42,1,2,13127333,13077333,0,50000,50000,'2023-03-24 16:54:05'),(43,2,2,991010,941010,0,50000,50000,'2023-03-24 16:54:06'),(44,1,2,13127033,13077033,0,50000,50000,'2023-03-24 16:58:06'),(45,2,2,990710,940710,0,50000,50000,'2023-03-24 16:58:07'),(46,1,2,13127833,13077833,0,50000,50000,'2023-03-24 17:06:36'),(47,2,2,989710,939710,0,50000,50000,'2023-03-24 17:06:38'),(48,1,2,13127833,13077833,0,50000,50000,'2023-03-24 17:11:03'),(49,2,2,988210,938210,0,50000,50000,'2023-03-24 17:11:04'),(50,1,2,13127333,13077333,0,50000,50000,'2023-03-24 17:14:32'),(51,2,2,988710,938710,0,50000,50000,'2023-03-24 17:14:33'),(52,1,2,13125833,13075833,0,50000,50000,'2023-03-24 17:19:01'),(53,2,2,988710,938710,0,50000,50000,'2023-03-24 17:19:05'),(54,1,2,13125333,13075333,0,50000,50000,'2023-03-24 17:22:37'),(55,2,2,987710,937710,0,50000,50000,'2023-03-24 17:22:38'),(56,1,2,13075333,13025333,0,50000,50000,'2023-03-24 17:24:20'),(57,1,2,13079133,13029133,0,50000,50000,'2023-03-24 17:26:25'),(58,2,2,1021210,971210,0,50000,50000,'2023-03-24 17:26:26'),(59,1,2,13070633,13020633,0,50000,50000,'2023-03-24 17:30:13'),(60,2,2,1026110,976110,0,50000,50000,'2023-03-24 17:30:15'),(61,1,2,13077733,13027733,0,50000,50000,'2023-03-24 17:37:11'),(62,2,2,1015410,965410,0,50000,50000,'2023-03-24 17:37:13'),(63,1,2,13077233,13027233,0,50000,50000,'2023-03-24 17:38:53'),(64,2,2,1015910,965910,0,50000,50000,'2023-03-24 17:38:55'),(65,1,2,13077233,13027233,0,50000,50000,'2023-03-24 17:40:52'),(66,2,2,1015910,965910,0,50000,50000,'2023-03-24 17:41:01'),(67,1,2,13076733,13026733,0,50000,50000,'2023-03-24 17:43:35'),(68,2,2,1014910,964910,0,50000,50000,'2023-03-24 17:43:36'),(69,1,2,13077733,13027733,0,50000,50000,'2023-03-24 17:44:59'),(70,2,2,1013910,963910,0,50000,50000,'2023-03-24 17:45:01'),(71,1,2,13027733,12977733,0,50000,50000,'2023-03-24 17:51:35'),(72,2,2,1012910,962910,0,50000,50000,'2023-03-24 17:51:36'),(73,1,2,13027233,12977233,0,50000,50000,'2023-03-24 17:55:45'),(74,2,2,1013410,963410,0,50000,50000,'2023-03-24 17:55:47'),(75,1,2,13024433,12974433,0,50000,50000,'2023-03-24 17:59:48'),(76,2,2,1010910,960910,0,50000,50000,'2023-03-24 17:59:50'),(77,1,2,13046433,12996433,0,50000,50000,'2023-03-24 18:09:17'),(78,2,2,970910,920910,0,50000,50000,'2023-03-24 18:09:19'),(79,1,2,13056233,13006233,0,50000,50000,'2023-03-24 18:11:50'),(80,2,2,956910,906910,0,50000,50000,'2023-03-24 18:11:52'),(81,1,2,13070233,13020233,0,50000,50000,'2023-03-24 18:18:33'),(82,2,2,938910,888910,0,50000,50000,'2023-03-24 18:19:10'),(83,2,2,938910,888910,0,50000,50000,'2023-03-24 18:19:31'),(84,1,2,13060233,13010233,0,50000,50000,'2023-03-24 18:22:24'),(85,2,2,946910,896910,0,50000,50000,'2023-03-24 18:22:26'),(86,1,2,13052133,13002133,0,50000,50000,'2023-03-24 18:30:56'),(87,2,2,916910,866910,0,50000,50000,'2023-03-24 18:30:58'),(88,2,2,892410,842410,0,50000,50000,'2023-03-26 12:52:44'),(89,2,2,892410,842410,0,50000,50000,'2023-03-26 12:55:56'),(90,1,2,13071833,12971833,0,100000,100000,'2023-03-26 12:55:59'),(91,2,2,882410,832410,0,50000,50000,'2023-03-26 13:26:58'),(92,2,2,882410,832410,0,50000,50000,'2023-03-26 13:28:05'),(93,2,2,882410,832410,0,50000,50000,'2023-03-26 13:29:25'),(94,1,2,13078033,13028033,0,50000,50000,'2023-03-26 13:30:45'),(95,2,2,882410,832410,0,50000,50000,'2023-03-26 13:31:29'),(96,2,2,882410,832410,0,50000,50000,'2023-03-26 15:06:43'),(97,2,2,882410,832410,0,50000,50000,'2023-03-26 15:20:17'),(98,1,2,13078033,13028033,0,50000,50000,'2023-03-26 15:20:24'),(99,1,2,13077033,13027033,0,50000,50000,'2023-03-26 15:26:27'),(100,2,2,881910,831910,0,50000,50000,'2023-03-26 15:26:28'),(101,1,2,13077033,13027033,0,50000,50000,'2023-03-26 15:57:21'),(102,2,2,880410,830410,0,50000,50000,'2023-03-26 15:57:34'),(103,1,2,13076533,13026533,0,50000,50000,'2023-03-26 16:01:24'),(104,2,2,880910,830910,0,50000,50000,'2023-03-26 16:01:27'),(105,1,2,13076033,13026033,0,50000,50000,'2023-03-26 16:02:45'),(106,2,2,881410,831410,0,50000,50000,'2023-03-26 16:02:46'),(107,1,2,13076033,13026033,0,50000,50000,'2023-03-26 16:03:02'),(108,2,2,881410,831410,0,50000,50000,'2023-03-26 16:03:05'),(109,2,2,879910,829910,0,50000,50000,'2023-03-26 16:04:56'),(110,1,2,13076033,13026033,0,50000,50000,'2023-03-26 16:07:28'),(111,2,2,879910,829910,0,50000,50000,'2023-03-26 16:07:36'),(112,1,2,13074533,13024533,0,50000,50000,'2023-03-26 16:11:17'),(113,1,2,13074533,13024533,0,50000,50000,'2023-03-26 16:13:29'),(114,1,2,13074533,13024533,0,50000,50000,'2023-03-26 16:13:53'),(115,1,2,13074533,13024533,0,50000,50000,'2023-03-26 16:15:43'),(116,1,2,13074533,13024533,0,50000,50000,'2023-03-26 16:17:17'),(117,1,2,13074533,13024533,0,50000,50000,'2023-03-26 16:18:54'),(118,2,2,879910,829910,0,50000,50000,'2023-03-26 16:18:58'),(119,1,2,13073033,13023033,0,50000,50000,'2023-03-26 16:43:12'),(120,2,2,879910,829910,0,50000,50000,'2023-03-26 16:43:13'),(121,2,2,870410,820410,0,50000,50000,'2023-03-26 17:01:10'),(122,1,2,13071333,13021333,0,50000,50000,'2023-03-26 17:01:13'),(123,3,2,1000000,950000,0,50000,50000,'2023-03-26 17:01:16'),(124,1,2,13069333,13019333,0,50000,50000,'2023-03-26 17:17:29'),(125,2,2,869710,819710,0,50000,50000,'2023-03-26 17:17:30'),(126,2,2,862710,812710,0,50000,50000,'2023-03-27 10:53:17'),(127,3,2,1002200,952200,0,50000,50000,'2023-03-27 10:53:49'),(128,2,2,862210,812210,0,50000,50000,'2023-03-27 11:25:29'),(129,1,2,13074833,13024833,0,50000,50000,'2023-03-27 11:25:32'),(130,2,2,862210,812210,0,50000,50000,'2023-03-27 11:37:03'),(131,1,2,13074833,13024833,0,50000,50000,'2023-03-27 11:37:05'),(132,2,2,861210,811210,0,50000,50000,'2023-03-27 12:09:32'),(133,1,2,13074333,13024333,0,50000,50000,'2023-03-27 12:09:34'),(134,1,2,13074833,13024833,0,50000,50000,'2023-03-27 12:14:19'),(135,2,2,860710,810710,0,50000,50000,'2023-03-27 12:14:22'),(136,1,2,13073833,13023833,0,50000,50000,'2023-03-27 12:22:46'),(137,2,2,860210,810210,0,50000,50000,'2023-03-27 12:22:55'),(138,1,2,13072833,13022833,0,50000,50000,'2023-03-27 12:24:43'),(139,2,2,859710,809710,0,50000,50000,'2023-03-27 12:25:11'),(140,1,2,13071833,13021833,0,50000,50000,'2023-03-27 12:35:57'),(141,2,2,860710,810710,0,50000,50000,'2023-03-27 12:35:59'),(142,1,2,13070833,13020833,0,50000,50000,'2023-03-27 12:40:54'),(143,2,2,859710,809710,0,50000,50000,'2023-03-27 12:40:55'),(144,1,2,13076833,13026833,0,50000,50000,'2023-03-27 13:12:22'),(145,2,2,852210,802210,0,50000,50000,'2023-03-27 13:12:24'),(146,1,2,13075833,13025833,0,50000,50000,'2023-03-27 13:13:33'),(147,2,2,851210,801210,0,50000,50000,'2023-03-27 13:13:36'),(148,2,2,852210,802210,0,50000,50000,'2023-03-27 13:41:42'),(149,1,2,13074833,13024833,0,50000,50000,'2023-03-27 13:41:44'),(150,1,2,13073833,13023833,0,50000,50000,'2023-03-27 13:43:00'),(151,2,2,851210,801210,0,50000,50000,'2023-03-27 13:43:33'),(152,1,2,13073333,13023333,0,50000,50000,'2023-03-27 13:44:09'),(153,2,2,851710,801710,0,50000,50000,'2023-03-27 13:44:10'),(154,1,2,13072333,13022333,0,50000,50000,'2023-03-27 13:48:37'),(155,2,2,851210,801210,0,50000,50000,'2023-03-27 13:48:39'),(156,1,2,13071833,13021833,0,50000,50000,'2023-03-27 13:48:58'),(157,2,2,851710,801710,0,50000,50000,'2023-03-27 13:49:00'),(158,1,2,13071333,13021333,0,50000,50000,'2023-03-27 14:18:36'),(159,2,2,852210,802210,0,50000,50000,'2023-03-27 14:18:41'),(160,1,2,13070833,13020833,0,50000,50000,'2023-03-27 15:11:06'),(161,2,2,852710,802710,0,50000,50000,'2023-03-27 15:11:07'),(162,1,2,13070333,13020333,0,50000,50000,'2023-03-27 15:13:38'),(163,2,2,851710,801710,0,50000,50000,'2023-03-27 15:13:39'),(164,1,2,13069833,13019833,0,50000,50000,'2023-03-27 15:14:56'),(165,2,2,850710,800710,0,50000,50000,'2023-03-27 15:14:57'),(166,1,2,13069333,13019333,0,50000,50000,'2023-03-27 15:18:06'),(167,2,2,849710,799710,0,50000,50000,'2023-03-27 15:18:07'),(168,1,2,13067833,13017833,0,50000,50000,'2023-03-27 15:25:22'),(169,2,2,849710,799710,0,50000,50000,'2023-03-27 15:25:23'),(170,1,2,13067333,13017333,0,50000,50000,'2023-03-27 15:34:59'),(171,2,2,850210,800210,0,50000,50000,'2023-03-27 15:35:01'),(172,1,2,13065833,13015833,0,50000,50000,'2023-03-27 15:57:00'),(173,2,2,850210,800210,0,50000,50000,'2023-03-27 15:57:02'),(174,1,2,13065333,13015333,0,50000,50000,'2023-03-27 15:59:46'),(175,2,2,849210,799210,0,50000,50000,'2023-03-27 15:59:47'),(176,1,2,13064833,13014833,0,50000,50000,'2023-03-27 16:01:02'),(177,2,2,848210,798210,0,50000,50000,'2023-03-27 16:01:03'),(178,1,2,13064333,13014333,0,50000,50000,'2023-03-27 16:03:20'),(179,2,2,847210,797210,0,50000,50000,'2023-03-27 16:03:22'),(180,1,2,13063833,13013833,0,50000,50000,'2023-03-27 16:04:56'),(181,2,2,846210,796210,0,50000,50000,'2023-03-27 16:04:59'),(182,2,2,845210,795210,0,50000,50000,'2023-03-27 16:05:57'),(183,1,2,13063333,13013333,0,50000,50000,'2023-03-27 16:05:58'),(184,1,2,13062333,13012333,0,50000,50000,'2023-03-27 16:07:48'),(185,2,2,844710,794710,0,50000,50000,'2023-03-27 16:07:49'),(186,1,2,13062833,13012833,0,50000,50000,'2023-03-27 16:09:51'),(187,2,2,844210,794210,0,50000,50000,'2023-03-27 16:09:53'),(188,1,2,13062333,13012333,0,50000,50000,'2023-03-27 16:11:25'),(189,2,2,844710,794710,0,50000,50000,'2023-03-27 16:11:27'),(190,1,2,13062333,13012333,0,50000,50000,'2023-03-27 16:15:40'),(191,2,2,844710,794710,0,50000,50000,'2023-03-27 16:15:42'),(192,1,2,13061833,13011833,0,50000,50000,'2023-03-27 16:18:22'),(193,2,2,843710,793710,0,50000,50000,'2023-03-27 16:18:23'),(194,1,2,13061333,13011333,0,50000,50000,'2023-03-27 16:22:09'),(195,2,2,842710,792710,0,50000,50000,'2023-03-27 16:22:10'),(196,1,2,13060833,13010833,0,50000,50000,'2023-03-27 16:23:04'),(197,2,2,841710,791710,0,50000,50000,'2023-03-27 16:23:05'),(198,1,2,13060333,13010333,0,50000,50000,'2023-03-27 16:27:57'),(199,2,2,842210,792210,0,50000,50000,'2023-03-27 16:27:59'),(200,1,2,13059833,13009833,0,50000,50000,'2023-03-27 16:28:48'),(201,2,2,842710,792710,0,50000,50000,'2023-03-27 16:28:50'),(202,1,2,13059333,13009333,0,50000,50000,'2023-03-27 16:39:51'),(203,3,2,1002700,952700,0,50000,50000,'2023-03-27 16:39:53'),(204,1,2,13059333,13009333,0,50000,50000,'2023-03-27 16:44:46'),(205,2,2,843210,793210,0,50000,50000,'2023-03-27 16:44:48'),(206,1,2,13058833,13008833,0,50000,50000,'2023-03-27 16:46:00'),(207,2,2,842210,792210,0,50000,50000,'2023-03-27 16:46:02'),(208,1,2,13057833,13007833,0,50000,50000,'2023-03-27 16:46:57'),(209,2,2,841710,791710,0,50000,50000,'2023-03-27 16:46:58'),(210,1,2,13057333,13007333,0,50000,50000,'2023-03-27 16:51:48'),(211,2,2,840710,790710,0,50000,50000,'2023-03-27 16:51:49'),(212,1,2,13056833,13006833,0,50000,50000,'2023-03-27 16:52:53'),(213,2,2,839710,789710,0,50000,50000,'2023-03-27 16:52:55'),(214,1,2,13055333,13005333,0,50000,50000,'2023-03-27 16:53:57'),(215,2,2,839710,789710,0,50000,50000,'2023-03-27 16:53:58'),(216,1,2,13053833,13003833,0,50000,50000,'2023-03-27 16:55:35'),(217,2,2,839710,789710,0,50000,50000,'2023-03-27 16:55:36'),(218,1,2,13052333,13002333,0,50000,50000,'2023-03-27 16:57:33'),(219,2,2,839710,789710,0,50000,50000,'2023-03-27 16:57:34'),(220,1,2,13051833,13001833,0,50000,50000,'2023-03-27 16:59:11'),(221,2,2,840210,790210,0,50000,50000,'2023-03-27 16:59:12'),(222,1,2,13051833,13001833,0,50000,50000,'2023-03-27 17:02:13'),(223,2,2,840210,790210,0,50000,50000,'2023-03-27 17:02:14'),(224,1,2,13051833,13001833,0,50000,50000,'2023-03-27 17:03:46'),(225,2,2,840210,790210,0,50000,50000,'2023-03-27 17:03:48'),(226,1,2,13050833,13000833,0,50000,50000,'2023-03-27 17:04:11'),(227,2,2,839710,789710,0,50000,50000,'2023-03-27 17:04:12'),(228,2,2,839710,789710,0,50000,50000,'2023-03-27 17:15:47'),(229,1,2,13049333,12999333,0,50000,50000,'2023-03-27 17:15:48'),(230,1,2,13048833,12998833,0,50000,50000,'2023-03-27 17:17:05'),(231,2,2,838710,788710,0,50000,50000,'2023-03-27 17:17:07'),(232,1,2,13049333,12999333,0,50000,50000,'2023-03-27 17:26:35'),(233,2,2,838210,788210,0,50000,50000,'2023-03-27 17:26:37'),(234,1,2,13048333,12998333,0,50000,50000,'2023-03-27 17:27:16'),(235,2,2,837710,787710,0,50000,50000,'2023-03-27 17:27:17'),(236,1,2,13047833,12997833,0,50000,50000,'2023-03-27 17:28:46'),(237,2,2,836710,786710,0,50000,50000,'2023-03-27 17:28:47'),(238,1,2,13047333,12997333,0,50000,50000,'2023-03-27 17:29:49'),(239,2,2,837210,787210,0,50000,50000,'2023-03-27 17:29:50'),(240,1,2,13046333,12996333,0,50000,50000,'2023-03-27 17:30:30'),(241,2,2,836710,786710,0,50000,50000,'2023-03-27 17:30:31'),(242,1,2,13045833,12995833,0,50000,50000,'2023-03-27 17:32:22'),(243,2,2,835710,785710,0,50000,50000,'2023-03-27 17:32:23'),(244,1,2,13045333,12995333,0,50000,50000,'2023-03-27 17:33:18'),(245,2,2,836210,786210,0,50000,50000,'2023-03-27 17:33:20'),(246,1,2,13044333,12994333,0,50000,50000,'2023-03-27 17:34:12'),(247,2,2,835710,785710,0,50000,50000,'2023-03-27 17:34:14'),(248,1,2,13043833,12993833,0,50000,50000,'2023-03-27 17:35:15'),(249,2,2,834710,784710,0,50000,50000,'2023-03-27 17:35:17'),(250,1,2,13042333,12992333,0,50000,50000,'2023-03-27 17:36:18'),(251,2,2,834710,784710,0,50000,50000,'2023-03-27 17:36:20'),(252,1,2,13042833,12992833,0,50000,50000,'2023-03-27 17:38:06'),(253,2,2,834210,784210,0,50000,50000,'2023-03-27 17:38:07'),(254,1,2,13041833,12991833,0,50000,50000,'2023-03-27 17:39:05'),(255,2,2,833710,783710,0,50000,50000,'2023-03-27 17:39:06'),(256,1,2,13041833,12991833,0,50000,50000,'2023-03-27 17:45:36'),(257,2,2,833710,783710,0,50000,50000,'2023-03-27 17:45:38'),(258,1,2,13040833,12990833,0,50000,50000,'2023-03-27 17:46:38'),(259,2,2,833210,783210,0,50000,50000,'2023-03-27 17:46:39'),(260,2,2,832210,782210,0,50000,50000,'2023-03-27 17:49:54'),(261,1,2,13040333,12990333,0,50000,50000,'2023-03-27 17:49:56'),(262,1,2,13039333,12989333,0,50000,50000,'2023-03-27 18:18:06'),(263,2,2,831210,781210,0,50000,50000,'2023-03-27 18:18:08'),(264,1,2,13038833,12988833,0,50000,50000,'2023-03-27 19:02:10'),(265,2,2,830210,780210,0,50000,50000,'2023-03-27 19:02:12'),(266,1,2,13040333,12990333,0,50000,50000,'2023-03-27 19:03:26'),(267,2,2,828710,778710,0,50000,50000,'2023-03-27 19:03:36'),(268,1,2,13039333,12989333,0,50000,50000,'2023-03-27 19:07:52'),(269,2,2,827710,777710,0,50000,50000,'2023-03-27 19:07:53'),(270,1,2,13038333,12988333,0,50000,50000,'2023-03-27 19:09:09'),(271,2,2,828710,778710,0,50000,50000,'2023-03-27 19:09:10'),(272,1,2,13039333,12989333,0,50000,50000,'2023-03-27 19:11:06'),(273,2,2,826210,776210,0,50000,50000,'2023-03-27 19:11:08'),(274,1,2,13038333,12988333,0,50000,50000,'2023-03-27 19:14:32'),(275,2,2,825210,775210,0,50000,50000,'2023-03-27 19:14:33'),(276,1,2,13039833,12989833,0,50000,50000,'2023-03-27 19:16:14'),(277,2,2,823710,773710,0,50000,50000,'2023-03-27 19:16:15'),(278,1,2,13039333,12989333,0,50000,50000,'2023-03-27 19:19:17'),(279,2,2,822710,772710,0,50000,50000,'2023-03-27 19:19:25'),(280,1,2,13036333,12986333,0,50000,50000,'2023-03-27 19:25:46'),(281,2,2,821710,771710,0,50000,50000,'2023-03-27 19:25:47'),(282,1,2,13035333,12985333,0,50000,50000,'2023-03-27 19:27:21'),(283,2,2,822710,772710,0,50000,50000,'2023-03-27 19:27:22'),(284,1,2,13032833,12982833,0,50000,50000,'2023-03-28 11:24:22'),(285,2,2,823710,773710,0,50000,50000,'2023-03-28 11:24:23'),(286,1,2,13031833,12981833,0,50000,50000,'2023-03-28 11:25:46'),(287,2,2,824710,774710,0,50000,50000,'2023-03-28 11:25:48'),(288,2,2,811210,761210,0,50000,50000,'2023-03-28 11:27:02'),(289,1,2,13018333,12968333,0,50000,50000,'2023-03-28 11:27:08'),(290,1,2,12998833,12948833,0,50000,50000,'2023-03-28 11:31:35'),(291,2,2,828710,778710,0,50000,50000,'2023-03-28 11:31:36'),(292,1,2,12997833,12947833,0,50000,50000,'2023-03-28 11:33:43'),(293,2,2,827710,777710,0,50000,50000,'2023-03-28 11:33:45'),(294,1,2,12996833,12946833,0,50000,50000,'2023-03-28 11:34:54'),(295,2,2,826710,776710,0,50000,50000,'2023-03-28 11:34:55'),(296,2,2,825710,775710,0,50000,50000,'2023-03-28 11:36:32'),(297,1,2,12995833,12945833,0,50000,50000,'2023-03-28 11:36:57'),(298,2,2,825710,775710,0,50000,50000,'2023-03-28 11:36:59'),(299,2,2,823210,773210,0,50000,50000,'2023-03-28 11:38:42'),(300,1,2,12996833,12946833,0,50000,50000,'2023-03-28 11:38:44'),(301,2,2,822210,772210,0,50000,50000,'2023-03-28 11:42:01'),(302,1,2,12995833,12945833,0,50000,50000,'2023-03-28 11:42:02'),(303,2,2,821210,771210,0,50000,50000,'2023-03-28 11:47:49'),(304,1,2,12996833,12946833,0,50000,50000,'2023-03-28 11:47:52'),(305,1,2,12998333,12948333,0,50000,50000,'2023-03-28 11:50:18'),(306,2,2,819710,769710,0,50000,50000,'2023-03-28 11:50:19'),(307,1,2,12997333,12947333,0,50000,50000,'2023-03-28 11:51:18'),(308,2,2,818710,768710,0,50000,50000,'2023-03-28 11:51:20'),(309,2,2,816210,766210,0,50000,50000,'2023-03-28 11:54:04'),(310,1,2,12998333,12948333,0,50000,50000,'2023-03-28 11:54:05'),(311,1,2,12997333,12947333,0,50000,50000,'2023-03-28 11:57:49'),(312,2,2,815210,765210,0,50000,50000,'2023-03-28 11:57:50'),(313,2,2,814210,764210,0,50000,50000,'2023-03-28 11:59:56'),(314,1,2,12996333,12946333,0,50000,50000,'2023-03-28 11:59:57'),(315,1,2,12994833,12944833,0,50000,50000,'2023-03-28 12:03:14'),(316,2,2,815710,765710,0,50000,50000,'2023-03-28 12:03:16'),(317,1,2,12993833,12943833,0,50000,50000,'2023-03-28 12:05:57'),(318,2,2,814710,764710,0,50000,50000,'2023-03-28 12:05:58'),(319,1,2,12992833,12942833,0,50000,50000,'2023-03-28 12:07:39'),(320,2,2,813710,763710,0,50000,50000,'2023-03-28 12:07:40'),(321,1,2,12991833,12941833,0,50000,50000,'2023-03-28 12:09:13'),(322,2,2,812710,762710,0,50000,50000,'2023-03-28 12:09:15'),(323,2,2,811210,761210,0,50000,50000,'2023-03-28 12:10:34'),(324,1,2,12991833,12941833,0,50000,50000,'2023-03-28 12:10:35'),(325,1,2,12990833,12940833,0,50000,50000,'2023-03-28 12:33:17'),(326,2,2,810210,760210,0,50000,50000,'2023-03-28 12:33:18'),(327,1,2,12991833,12941833,0,50000,50000,'2023-03-28 12:34:17'),(328,2,2,809210,759210,0,50000,50000,'2023-03-28 12:34:18'),(329,1,2,12990333,12940333,0,50000,50000,'2023-03-28 12:35:51'),(330,2,2,810710,760710,0,50000,50000,'2023-03-28 12:35:52'),(331,1,2,12991333,12941333,0,50000,50000,'2023-03-28 12:37:48'),(332,2,2,808210,758210,0,50000,50000,'2023-03-28 12:37:51'),(333,1,2,12989333,12939333,0,50000,50000,'2023-03-28 17:52:53'),(334,2,2,806210,756210,0,50000,50000,'2023-03-28 17:52:54'),(335,1,2,12988333,12938333,0,50000,50000,'2023-03-28 18:07:49'),(336,2,2,805210,755210,0,50000,50000,'2023-03-28 18:07:50'),(337,1,2,12987333,12937333,0,50000,50000,'2023-03-28 19:01:21'),(338,2,2,804210,754210,0,50000,50000,'2023-03-28 19:01:23'),(339,1,2,12972333,12922333,0,50000,50000,'2023-03-28 19:11:59'),(340,2,2,817710,767710,0,50000,50000,'2023-03-28 19:12:00'),(341,2,2,793210,743210,0,50000,50000,'2023-03-28 19:15:30'),(342,1,2,12995333,12945333,0,50000,50000,'2023-03-28 19:15:32'),(343,1,2,12945333,12895333,40000,90000,50000,'2023-03-28 19:18:54'),(344,2,2,757210,707210,0,50000,50000,'2023-03-28 19:28:00'),(345,1,2,13029333,12979333,0,50000,50000,'2023-03-28 19:28:01'),(346,2,2,787210,737210,0,50000,50000,'2023-03-29 10:55:13'),(347,1,2,12999333,12949333,0,50000,50000,'2023-03-29 11:35:10'),(348,2,2,787210,737210,0,50000,50000,'2023-03-29 11:35:28'),(349,1,2,13016333,12966333,0,50000,50000,'2023-03-29 11:39:52'),(350,2,2,770210,720210,0,50000,50000,'2023-03-29 11:39:53'),(351,1,2,13003333,12953333,0,50000,50000,'2023-03-29 11:41:07'),(352,2,2,757210,707210,0,50000,50000,'2023-03-29 11:41:08'),(353,1,2,12983833,12933833,0,50000,50000,'2023-03-29 11:43:34'),(354,2,2,774710,724710,0,50000,50000,'2023-03-29 11:43:35'),(355,1,2,12979833,12929833,0,50000,50000,'2023-03-29 12:18:03'),(356,2,2,776710,726710,0,50000,50000,'2023-03-29 12:18:05'),(357,1,2,12978833,12928833,0,50000,50000,'2023-03-29 14:16:57'),(358,1,2,12978833,12928833,0,50000,50000,'2023-03-29 14:38:58'),(359,1,2,12978833,12928833,0,50000,50000,'2023-03-29 14:47:14'),(360,1,2,12978833,12928833,0,50000,50000,'2023-03-29 14:56:08'),(361,1,2,12978833,12928833,0,50000,50000,'2023-03-29 14:56:46'),(362,2,2,775710,725710,0,50000,50000,'2023-03-29 14:57:50'),(363,1,2,12978833,12928833,0,50000,50000,'2023-03-29 15:00:22'),(364,1,2,12978833,12928833,0,50000,50000,'2023-03-29 15:11:33'),(365,1,2,12978833,12928833,0,50000,50000,'2023-03-29 15:56:16'),(366,1,2,12978833,12928833,0,50000,50000,'2023-03-29 16:10:33'),(367,1,2,12978833,12928833,0,50000,50000,'2023-03-29 16:12:01'),(368,1,2,12978833,12928833,0,50000,50000,'2023-03-29 16:13:28'),(369,1,2,12978833,12928833,0,50000,50000,'2023-03-29 16:15:41'),(370,1,2,12978833,12928833,0,50000,50000,'2023-03-29 16:22:58'),(371,1,2,12978833,12928833,0,50000,50000,'2023-03-29 16:29:52'),(372,1,2,12978833,12928833,0,50000,50000,'2023-03-29 16:31:06'),(373,1,2,12978833,12928833,0,50000,50000,'2023-03-29 16:33:09'),(374,1,2,12978833,12928833,0,50000,50000,'2023-03-29 16:41:30'),(375,1,2,12978833,12928833,0,50000,50000,'2023-03-29 16:46:19'),(376,1,2,12978833,12928833,0,50000,50000,'2023-03-29 17:40:47'),(377,1,2,12978833,12928833,0,50000,50000,'2023-03-29 17:50:25'),(378,1,2,12978833,12928833,0,50000,50000,'2023-03-29 17:57:13'),(379,1,2,12978833,12928833,0,50000,50000,'2023-03-29 18:16:39'),(380,1,2,12978833,12928833,0,50000,50000,'2023-03-29 18:22:11'),(381,2,2,775710,725710,0,50000,50000,'2023-03-29 18:22:18'),(382,1,2,12978833,12928833,0,50000,50000,'2023-03-29 18:25:31'),(383,2,2,775710,725710,0,50000,50000,'2023-03-29 18:25:33'),(384,1,2,12978833,12928833,0,50000,50000,'2023-03-29 18:28:06'),(385,1,2,12978833,12928833,0,50000,50000,'2023-03-29 18:29:12'),(386,1,2,12978833,12928833,0,50000,50000,'2023-03-29 18:29:48'),(387,2,2,775710,725710,0,50000,50000,'2023-03-29 18:29:49'),(388,1,2,12978333,12928333,0,50000,50000,'2023-03-29 18:33:52'),(389,2,2,774710,724710,0,50000,50000,'2023-03-29 18:33:54'),(390,1,2,12978833,12928833,0,50000,50000,'2023-03-29 18:41:48'),(391,2,2,774210,724210,0,50000,50000,'2023-03-29 18:41:51'),(392,1,2,12978333,12928333,0,50000,50000,'2023-03-29 19:00:58'),(393,2,2,773210,723210,0,50000,50000,'2023-03-29 19:01:00'),(394,2,2,772210,722210,0,50000,50000,'2023-03-29 19:10:38'),(395,1,2,12977833,12927833,0,50000,50000,'2023-03-29 19:10:40'),(396,1,2,12977333,12927333,0,50000,50000,'2023-03-29 19:26:52'),(397,2,2,770710,720710,0,50000,50000,'2023-03-29 19:26:54'),(398,2,2,769710,719710,0,50000,50000,'2023-03-30 10:53:47'),(399,1,2,12976333,12926333,0,50000,50000,'2023-03-30 10:53:48'),(400,1,2,12976333,12926333,0,50000,50000,'2023-03-30 11:38:12'),(401,2,2,769710,719710,0,50000,50000,'2023-03-30 11:38:13'),(402,1,2,12926333,12876333,0,50000,50000,'2023-03-30 11:39:13'),(403,2,2,783710,733710,0,50000,50000,'2023-03-30 12:00:36'),(404,1,2,12962333,12912333,0,50000,50000,'2023-03-30 12:00:37'),(405,1,2,12912333,12862333,0,50000,50000,'2023-03-30 12:02:03'),(406,1,2,12862333,12812333,0,50000,50000,'2023-03-30 12:27:32'),(407,2,2,883710,833710,0,50000,50000,'2023-03-30 12:27:34'),(408,1,2,12861833,12811833,0,50000,50000,'2023-03-30 12:48:40'),(409,2,2,882710,832710,0,50000,50000,'2023-03-30 12:48:45'),(410,2,2,881710,831710,0,50000,50000,'2023-03-30 12:50:32'),(411,1,2,12860833,12810833,0,50000,50000,'2023-03-30 12:50:33'),(412,2,2,880710,830710,0,50000,50000,'2023-03-30 12:53:18'),(413,1,2,12859833,12809833,0,50000,50000,'2023-03-30 12:53:20'),(414,2,2,879710,829710,0,50000,50000,'2023-03-30 12:56:32'),(415,1,2,12858833,12808833,0,50000,50000,'2023-03-30 12:56:35'),(416,2,2,878710,828710,0,50000,50000,'2023-03-30 12:58:22'),(417,1,2,12857833,12807833,0,50000,50000,'2023-03-30 12:58:27'),(418,2,2,877710,827710,0,50000,50000,'2023-03-30 12:59:27'),(419,1,2,12856833,12806833,0,50000,50000,'2023-03-30 12:59:28'),(420,1,2,12855333,12805333,0,50000,50000,'2023-03-30 13:05:28'),(421,2,2,877710,827710,0,50000,50000,'2023-03-30 13:05:30'),(422,1,2,12853833,12803833,0,50000,50000,'2023-03-30 13:08:46'),(423,2,2,877710,827710,0,50000,50000,'2023-03-30 13:08:48'),(424,1,2,12854333,12804333,0,50000,50000,'2023-03-30 13:14:30'),(425,2,2,875210,825210,0,50000,50000,'2023-03-30 13:14:32'),(426,1,2,12855833,12805833,0,50000,50000,'2023-03-30 13:27:01'),(427,2,2,873710,823710,0,50000,50000,'2023-03-30 13:27:03'),(428,1,2,12854833,12804833,0,50000,50000,'2023-03-30 13:28:39'),(429,2,2,872710,822710,0,50000,50000,'2023-03-30 13:28:41'),(430,2,2,871710,821710,0,50000,50000,'2023-03-30 14:46:18'),(431,1,2,12855833,12805833,0,50000,50000,'2023-03-30 14:46:22'),(432,2,2,872710,822710,0,50000,50000,'2023-03-30 14:59:19'),(433,2,2,872710,822710,0,50000,50000,'2023-03-30 14:59:48'),(434,1,2,12853333,12803333,0,50000,50000,'2023-03-30 14:59:52'),(435,2,2,872210,822210,0,50000,50000,'2023-03-30 15:02:58'),(436,1,2,12853833,12803833,0,50000,50000,'2023-03-30 15:03:00'),(437,1,2,12854333,12804333,0,50000,50000,'2023-03-30 15:04:02'),(438,2,2,871710,821710,0,50000,50000,'2023-03-30 15:04:03'),(439,2,2,870710,820710,0,50000,50000,'2023-03-30 15:06:13'),(440,1,2,12853833,12803833,0,50000,50000,'2023-03-30 15:06:26'),(441,2,2,870210,820210,0,50000,50000,'2023-03-30 15:16:01'),(442,1,2,12852833,12802833,0,50000,50000,'2023-03-30 15:16:03'),(443,1,2,12851833,12801833,0,50000,50000,'2023-03-30 15:17:13'),(444,2,2,869710,819710,0,50000,50000,'2023-03-30 15:17:14'),(445,1,2,12850333,12800333,0,50000,50000,'2023-03-30 15:18:27'),(446,2,2,869710,819710,0,50000,50000,'2023-03-30 15:18:29'),(447,1,2,12848333,12798333,0,50000,50000,'2023-03-30 15:22:54'),(448,2,2,870210,820210,0,50000,50000,'2023-03-30 15:22:59'),(449,1,2,12847333,12797333,0,50000,50000,'2023-03-30 15:23:58'),(450,2,2,869710,819710,0,50000,50000,'2023-03-30 15:23:59'),(451,1,2,12846833,12796833,0,50000,50000,'2023-03-30 15:25:36'),(452,2,2,868710,818710,0,50000,50000,'2023-03-30 15:25:37'),(453,1,2,12846833,12796833,0,50000,50000,'2023-03-30 15:32:48'),(454,2,2,867210,817210,0,50000,50000,'2023-03-30 15:32:50'),(455,1,2,12845333,12795333,0,50000,50000,'2023-03-30 15:34:29'),(456,2,2,868710,818710,0,50000,50000,'2023-03-30 15:34:30'),(457,1,2,12845333,12795333,0,50000,50000,'2023-03-30 15:37:52'),(458,2,2,867210,817210,0,50000,50000,'2023-03-30 15:37:53'),(459,1,2,12846333,12796333,0,50000,50000,'2023-03-30 15:39:38'),(460,2,2,866210,816210,0,50000,50000,'2023-03-30 15:39:39'),(461,1,2,12844833,12794833,0,50000,50000,'2023-03-30 16:27:29'),(462,2,2,866210,816210,0,50000,50000,'2023-03-30 16:27:32'),(463,2,2,864210,814210,0,50000,50000,'2023-03-30 16:34:56'),(464,1,2,12842833,12792833,0,50000,50000,'2023-03-30 16:35:00'),(465,1,2,12841833,12791833,0,50000,50000,'2023-03-30 16:37:00'),(466,2,2,865210,815210,0,50000,50000,'2023-03-30 16:37:02'),(467,1,2,12840833,12790833,0,50000,50000,'2023-03-30 16:49:25'),(468,2,2,864210,814210,0,50000,50000,'2023-03-30 16:49:27'),(469,2,2,862210,812210,0,50000,50000,'2023-03-30 16:52:54'),(470,1,2,12838833,12788833,0,50000,50000,'2023-03-30 16:53:00'),(471,1,2,12836833,12786833,0,50000,50000,'2023-03-30 17:30:40'),(472,2,2,862710,812710,0,50000,50000,'2023-03-30 17:30:43'),(473,2,2,861710,811710,0,50000,50000,'2023-03-30 17:31:59'),(474,1,2,12836333,12786333,0,50000,50000,'2023-03-30 17:32:01'),(475,1,2,12835833,12785833,0,50000,50000,'2023-03-30 17:35:57'),(476,2,2,860710,810710,0,50000,50000,'2023-03-30 17:35:59'),(477,1,2,12785833,12735833,0,50000,50000,'2023-03-30 17:36:29'),(478,1,2,12785833,12735833,0,50000,50000,'2023-03-30 17:41:24'),(479,2,2,910710,860710,0,50000,50000,'2023-03-30 17:41:26'),(480,1,2,12835833,12785833,0,50000,50000,'2023-03-30 17:44:24'),(481,2,2,860710,810710,0,50000,50000,'2023-03-30 17:44:25'),(482,2,2,910710,860710,0,50000,50000,'2023-03-30 17:58:30'),(483,1,2,12785833,12735833,0,50000,50000,'2023-03-30 17:58:35'),(484,1,2,12735833,12685833,0,50000,50000,'2023-03-30 18:01:10'),(485,2,2,960710,910710,0,50000,50000,'2023-03-30 18:01:13'),(486,1,2,12685833,12635833,0,50000,50000,'2023-03-30 18:06:29'),(487,2,2,1010710,960710,0,50000,50000,'2023-03-30 18:06:32'),(488,2,2,960710,910710,0,50000,50000,'2023-03-30 18:07:10'),(489,1,2,12785833,12735833,0,50000,50000,'2023-03-30 18:08:21'),(490,2,2,910710,860710,0,50000,50000,'2023-03-30 18:08:23'),(491,2,2,860710,810710,0,50000,50000,'2023-03-30 18:11:10'),(492,1,2,12835833,12785833,0,50000,50000,'2023-03-30 18:11:13'),(493,2,2,810710,760710,0,50000,50000,'2023-03-30 18:11:53'),(494,1,2,12884833,12834833,0,50000,50000,'2023-03-30 18:14:05'),(495,2,2,810210,760210,0,50000,50000,'2023-03-30 18:14:07'),(496,2,2,860210,810210,0,50000,50000,'2023-03-30 18:17:34'),(497,1,2,12834833,12784833,0,50000,50000,'2023-03-30 18:17:36'),(498,2,2,810210,760210,0,50000,50000,'2023-03-30 18:18:47'),(499,1,2,12884833,12834833,0,50000,50000,'2023-03-30 18:18:52'),(500,1,2,12834833,12784833,0,50000,50000,'2023-03-30 18:19:51'),(501,2,2,860210,810210,0,50000,50000,'2023-03-30 18:19:53'),(502,2,2,910210,860210,0,50000,50000,'2023-03-30 18:28:02'),(503,1,2,12784833,12734833,0,50000,50000,'2023-03-30 18:28:06'),(504,1,2,12834833,12784833,0,50000,50000,'2023-03-30 18:39:39'),(505,2,2,860210,810210,0,50000,50000,'2023-03-30 18:39:40'),(506,1,2,12884833,12834833,0,50000,50000,'2023-03-30 18:44:13'),(507,2,2,810210,760210,0,50000,50000,'2023-03-30 18:44:14'),(508,2,2,760210,710210,0,50000,50000,'2023-03-30 18:44:49'),(509,2,2,759210,709210,0,50000,50000,'2023-03-30 18:46:09'),(510,1,2,12934333,12884333,0,50000,50000,'2023-03-30 18:46:13'),(511,1,2,12884333,12834333,0,50000,50000,'2023-03-30 19:02:21'),(512,2,2,809210,759210,0,50000,50000,'2023-03-30 19:02:23'),(513,2,2,859210,809210,0,50000,50000,'2023-03-30 19:20:49'),(514,1,2,12834333,12784333,0,50000,50000,'2023-03-30 19:20:53'),(515,1,2,12784333,12734333,0,50000,50000,'2023-03-30 19:24:03'),(516,2,2,909210,859210,0,50000,50000,'2023-03-30 19:24:04'),(517,1,2,12834333,12784333,0,50000,50000,'2023-03-30 19:27:32'),(518,2,2,859210,809210,0,50000,50000,'2023-03-30 19:27:33'),(519,1,2,12784333,12734333,0,50000,50000,'2023-03-30 19:38:07'),(520,2,2,909210,859210,0,50000,50000,'2023-03-30 19:38:08'),(521,2,2,959210,909210,0,50000,50000,'2023-03-30 19:44:27'),(522,1,2,12734333,12684333,0,50000,50000,'2023-03-30 19:44:29'),(523,1,2,12784333,12734333,0,50000,50000,'2023-03-30 19:46:35'),(524,2,2,909210,859210,0,50000,50000,'2023-03-30 19:46:36'),(525,1,2,12834333,12784333,0,50000,50000,'2023-03-30 19:48:36'),(526,2,2,859210,809210,0,50000,50000,'2023-03-30 19:48:37'),(527,1,2,12884333,12834333,0,50000,50000,'2023-03-30 19:52:39'),(528,2,2,809210,759210,0,50000,50000,'2023-03-30 19:52:41'),(529,1,2,12834333,12784333,0,50000,50000,'2023-03-30 19:54:18'),(530,2,2,859210,809210,0,50000,50000,'2023-03-30 19:54:20'),(531,1,2,12784333,12734333,0,50000,50000,'2023-03-30 19:54:52'),(532,1,2,12784333,12734333,0,50000,50000,'2023-03-30 19:58:00'),(533,2,2,909210,859210,0,50000,50000,'2023-03-30 19:58:02'),(534,2,2,859210,809210,0,50000,50000,'2023-03-31 14:39:46'),(535,1,2,12834333,12784333,0,50000,50000,'2023-03-31 14:59:52'),(536,2,2,859210,809210,0,50000,50000,'2023-03-31 14:59:53'),(537,1,2,12784333,12734333,0,50000,50000,'2023-03-31 15:01:17'),(538,2,2,908710,858710,0,50000,50000,'2023-03-31 16:00:44'),(539,1,2,12783333,12733333,0,50000,50000,'2023-03-31 16:01:33'),(540,2,2,908710,858710,0,50000,50000,'2023-03-31 16:01:35'),(541,1,2,12833333,12783333,0,50000,50000,'2023-03-31 16:04:03'),(542,2,2,858710,808710,0,50000,50000,'2023-03-31 16:04:05'),(543,2,2,908710,858710,0,50000,50000,'2023-03-31 16:05:19'),(544,1,2,12783333,12733333,0,50000,50000,'2023-03-31 16:05:23'),(545,1,2,12833333,12783333,0,50000,50000,'2023-03-31 16:18:04'),(546,2,2,858710,808710,0,50000,50000,'2023-03-31 16:18:05'),(547,1,2,12883333,12833333,0,50000,50000,'2023-03-31 16:20:38'),(548,2,2,808710,758710,0,50000,50000,'2023-03-31 16:20:40'),(549,1,2,12833333,12783333,0,50000,50000,'2023-03-31 16:21:10'),(550,2,2,858210,808210,0,50000,50000,'2023-03-31 16:23:55'),(551,1,2,12832333,12782333,0,50000,50000,'2023-03-31 16:23:59'),(552,1,2,12782333,12732333,0,50000,50000,'2023-03-31 16:27:23'),(553,2,2,908210,858210,0,50000,50000,'2023-03-31 16:27:24'),(554,1,2,12732333,12682333,0,50000,50000,'2023-03-31 16:30:27'),(555,2,2,958210,908210,0,50000,50000,'2023-03-31 16:30:28'),(556,2,2,908210,858210,0,50000,50000,'2023-03-31 16:31:05'),(557,1,2,12832333,12782333,0,50000,50000,'2023-03-31 16:36:00'),(558,2,2,858210,808210,0,50000,50000,'2023-03-31 16:36:02'),(559,1,2,12782333,12732333,0,50000,50000,'2023-03-31 16:36:32'),(560,2,2,907210,857210,0,50000,50000,'2023-03-31 16:41:17'),(561,1,2,12781833,12731833,0,50000,50000,'2023-03-31 16:41:19'),(562,1,2,12731833,12681833,0,50000,50000,'2023-03-31 16:44:11'),(563,2,2,957210,907210,0,50000,50000,'2023-03-31 16:44:12'),(564,2,2,907210,857210,0,50000,50000,'2023-03-31 16:50:42'),(565,1,2,12781833,12731833,0,50000,50000,'2023-03-31 16:50:50'),(566,1,2,12731833,12681833,0,50000,50000,'2023-03-31 16:51:23'),(567,1,2,12681833,12631833,0,50000,50000,'2023-03-31 16:52:07'),(568,1,2,12631833,12581833,0,50000,50000,'2023-03-31 16:53:08'),(569,1,2,12631333,12581333,0,50000,50000,'2023-03-31 16:56:33'),(570,2,2,1057710,1007710,0,50000,50000,'2023-03-31 16:56:34'),(571,1,2,12681333,12631333,0,50000,50000,'2023-03-31 17:28:06'),(572,2,2,1007710,957710,0,50000,50000,'2023-03-31 17:28:08'),(573,1,2,12729333,12679333,0,50000,50000,'2023-03-31 17:31:30'),(574,2,2,959710,909710,0,50000,50000,'2023-03-31 17:31:31'),(575,1,2,12679333,12629333,0,50000,50000,'2023-03-31 17:32:04'),(576,1,2,12629333,12579333,0,50000,50000,'2023-03-31 17:34:45'),(577,2,2,1059710,1009710,0,50000,50000,'2023-03-31 17:34:47'),(578,1,2,12679333,12629333,0,50000,50000,'2023-03-31 17:38:45'),(579,2,2,1009710,959710,0,50000,50000,'2023-03-31 17:38:47'),(580,1,2,12729333,12679333,0,50000,50000,'2023-03-31 17:43:59'),(581,2,2,959710,909710,0,50000,50000,'2023-03-31 17:44:00'),(582,1,2,12679333,12629333,0,50000,50000,'2023-03-31 17:44:34'),(583,1,2,12678833,12628833,0,50000,50000,'2023-03-31 18:05:02'),(584,2,2,1008710,958710,0,50000,50000,'2023-03-31 18:05:03'),(585,1,2,12680333,12630333,0,50000,50000,'2023-03-31 18:11:09'),(586,2,2,1007210,957210,0,50000,50000,'2023-03-31 18:11:10'),(587,1,2,12630333,12580333,0,50000,50000,'2023-03-31 18:15:06'),(588,2,2,1057210,1007210,0,50000,50000,'2023-03-31 18:15:08'),(589,1,2,12680333,12630333,0,50000,50000,'2023-03-31 18:21:49'),(590,2,2,1007210,957210,0,50000,50000,'2023-03-31 18:21:51'),(591,1,2,12630333,12580333,0,50000,50000,'2023-03-31 18:22:53'),(592,2,2,1057210,1007210,0,50000,50000,'2023-03-31 18:22:54'),(593,1,2,12580333,12530333,0,50000,50000,'2023-03-31 18:23:30'),(594,1,2,12579833,12529833,0,50000,50000,'2023-03-31 18:26:23'),(595,2,2,1106210,1056210,0,50000,50000,'2023-03-31 18:26:25'),(596,1,2,12529833,12479833,0,50000,50000,'2023-03-31 18:26:59'),(597,1,2,12529333,12479333,0,50000,50000,'2023-03-31 18:51:01'),(598,1,2,12529333,12479333,0,50000,50000,'2023-03-31 18:54:45'),(599,2,2,1155210,1105210,0,50000,50000,'2023-03-31 18:54:47'),(600,1,2,12479333,12429333,0,50000,50000,'2023-03-31 18:55:20'),(601,1,2,12477833,12427833,0,50000,50000,'2023-03-31 18:56:43'),(602,2,2,1205210,1155210,0,50000,50000,'2023-03-31 18:56:45'),(603,1,2,12427833,12377833,0,50000,50000,'2023-03-31 18:57:18'),(604,1,2,12443833,12393833,0,50000,50000,'2023-03-31 19:18:11'),(605,2,2,1237210,1187210,0,50000,50000,'2023-03-31 19:18:12'),(606,1,2,12393833,12343833,0,50000,50000,'2023-03-31 19:18:45');
/*!40000 ALTER TABLE `buyins` ENABLE KEYS */;
UNLOCK TABLES;

--
-- Table structure for table `credit_chip`
--

DROP TABLE IF EXISTS `credit_chip`;
/*!40101 SET @saved_cs_client     = @@character_set_client */;
/*!50503 SET character_set_client = utf8mb4 */;
CREATE TABLE `credit_chip` (
  `id` int NOT NULL AUTO_INCREMENT,
  `adminID` int NOT NULL,
  `userID` int NOT NULL,
  `name` varchar(24) NOT NULL,
  `oldBalance` int unsigned NOT NULL,
  `balance` int unsigned NOT NULL,
  `chip` int unsigned NOT NULL,
  `createDate` datetime NOT NULL DEFAULT CURRENT_TIMESTAMP,
  PRIMARY KEY (`id`)
) ENGINE=InnoDB AUTO_INCREMENT=46 DEFAULT CHARSET=utf8mb4 COLLATE=utf8mb4_0900_ai_ci;
/*!40101 SET character_set_client = @saved_cs_client */;

--
-- Dumping data for table `credit_chip`
--

LOCK TABLES `credit_chip` WRITE;
/*!40000 ALTER TABLE `credit_chip` DISABLE KEYS */;
INSERT INTO `credit_chip` VALUES (8,38,56,'JOSH KIM',70000,99800,29800,'2021-12-21 20:20:05'),(9,38,56,'JOSH KIM',67300,250000,182700,'2021-12-22 20:11:58'),(10,34,53,'JJ CHANG',80000,98100,18100,'2021-12-23 14:44:33'),(11,34,50,'JAY CHANG',60000,78200,18200,'2021-12-23 23:51:39'),(12,34,53,'JJ CHANG',78100,99000,20900,'2021-12-23 23:52:22'),(13,38,75,'LASH SIM',19900,78600,58700,'2022-01-05 21:09:06'),(14,38,56,'JOSH KIM',0,52850,52850,'2022-01-05 21:12:15'),(15,38,75,'LASH SIM',20000,72100,52100,'2022-01-05 21:20:45'),(16,32,36,'SY CHOI',80000,92200,12200,'2022-01-07 12:23:37'),(17,32,35,'DAVID SON',80000,106000,26000,'2022-01-07 14:35:47'),(18,32,35,'DAVID SON',106000,106000,0,'2022-01-07 15:55:42'),(19,32,55,'LARRY ELLERBE',0,0,0,'2022-01-10 14:58:30'),(20,32,56,'JOSH KIM',0,36050,36050,'2022-01-10 14:58:30'),(21,32,57,'CY YOUN',70000,303625,233625,'2022-01-10 14:58:30'),(22,32,58,'JAY CHANG',70000,70000,0,'2022-01-10 14:58:30'),(23,32,59,'GON NAMGUNG',40000,80550,40550,'2022-01-10 14:58:30'),(24,32,60,'CK KIM',100000,100000,0,'2022-01-10 14:58:30'),(25,32,47,'DAVID SON',100000,100000,0,'2022-01-13 11:56:36'),(26,32,35,'DAVID SON',106000,106000,0,'2022-01-14 15:54:05'),(27,32,73,'123123 123123123',0,0,0,'2022-01-14 15:54:05'),(28,32,51,'DAVID SON',90000,90000,0,'2022-01-14 15:54:05'),(29,32,38,'GON NG',80000,99700,19700,'2022-01-14 15:54:05'),(30,32,39,'JAY CHANG',0,0,0,'2022-01-14 15:54:05'),(31,32,36,'SY CHOI',92200,92200,0,'2022-01-14 15:56:06'),(32,32,35,'DAVID SON',106000,106000,0,'2022-01-14 15:56:06'),(33,32,51,'DAVID SON',90000,90000,0,'2022-01-14 15:56:06'),(34,32,38,'GON NG',99700,99700,0,'2022-01-14 15:56:06'),(35,32,39,'JAY CHANG',0,0,0,'2022-01-14 15:56:06'),(36,32,40,'JAY2 CHANG',0,0,0,'2022-01-14 15:56:06'),(37,32,38,'GON NG',99700,99700,0,'2022-01-14 16:12:59'),(38,32,39,'JAY CHANG',0,0,0,'2022-01-14 16:12:59'),(39,32,40,'JAY2 CHANG',0,0,0,'2022-01-14 16:12:59'),(40,32,42,'JOSHUA KIM',0,0,0,'2022-01-14 16:12:59'),(41,32,43,'CG YOUN',0,0,0,'2022-01-14 16:12:59'),(42,32,39,'JAY CHANG',0,0,0,'2022-01-14 16:13:09'),(43,32,42,'JOSHUA KIM',0,0,0,'2022-01-14 16:13:09'),(44,32,36,'SY CHOI',0,0,0,'2022-01-28 11:51:03'),(45,32,35,'DAVID SON',255279,280579,25300,'2022-03-17 14:29:46');
/*!40000 ALTER TABLE `credit_chip` ENABLE KEYS */;
UNLOCK TABLES;

--
-- Table structure for table `credit_purchase`
--

DROP TABLE IF EXISTS `credit_purchase`;
/*!40101 SET @saved_cs_client     = @@character_set_client */;
/*!50503 SET character_set_client = utf8mb4 */;
CREATE TABLE `credit_purchase` (
  `id` int NOT NULL AUTO_INCREMENT,
  `adminID` int NOT NULL,
  `userID` int NOT NULL,
  `name` varchar(24) CHARACTER SET utf8mb3 COLLATE utf8mb3_general_ci NOT NULL,
  `oldBalance` int unsigned NOT NULL,
  `balance` int unsigned NOT NULL,
  `chip` int unsigned NOT NULL,
  `credit` int unsigned NOT NULL,
  `status` tinyint(1) NOT NULL DEFAULT '0',
  `createDate` datetime NOT NULL DEFAULT CURRENT_TIMESTAMP,
  PRIMARY KEY (`id`)
) ENGINE=InnoDB AUTO_INCREMENT=155 DEFAULT CHARSET=utf8mb4 COLLATE=utf8mb4_general_ci;
/*!40101 SET character_set_client = @saved_cs_client */;

--
-- Dumping data for table `credit_purchase`
--

LOCK TABLES `credit_purchase` WRITE;
/*!40000 ALTER TABLE `credit_purchase` DISABLE KEYS */;
INSERT INTO `credit_purchase` VALUES (129,32,35,'DAVID SON',100000,0,0,1000,0,'2021-12-21 19:18:52'),(130,32,36,'SY CHOI',100000,0,0,1000,0,'2021-12-21 19:19:55'),(131,33,62,'ISAAA KKKK',1000000,0,0,10000,0,'2021-12-21 19:20:09'),(132,38,61,'DAVID SON',100000,0,0,1000,1,'2021-12-21 19:59:12'),(133,38,59,'GON NAMGUNG',100000,0,0,1000,1,'2021-12-21 19:59:29'),(134,38,58,'JAY CHANG',100000,0,0,1000,1,'2021-12-21 19:59:44'),(135,38,56,'JOSH KIM',100000,0,0,1000,1,'2021-12-21 19:59:59'),(136,38,60,'CK KIM',100000,0,0,1000,0,'2021-12-21 20:00:24'),(137,38,57,'CY YOUN',100000,0,0,1000,0,'2021-12-21 20:00:41'),(138,38,56,'JOSH KIM',100000,0,0,1000,1,'2021-12-21 20:22:35'),(139,38,71,'POKAHONTA SMITH',100000,0,0,1000,0,'2021-12-21 21:14:08'),(140,38,61,'DAVID SON',130550,30550,1200,1000,0,'2021-12-21 21:37:52'),(141,38,58,'JAY CHANG',100000,0,0,1000,0,'2021-12-21 22:19:48'),(142,38,59,'GON NAMGUNG',100000,0,0,1000,0,'2021-12-21 22:25:57'),(143,38,72,'SUNG PAK',50000,0,0,500,0,'2021-12-22 20:07:20'),(144,34,50,'JAY CHANG',100000,0,0,1000,1,'2021-12-23 14:12:22'),(145,34,53,'JJ CHANG',100000,0,0,1000,0,'2021-12-23 14:27:21'),(146,38,74,'SPOODY BE',50000,0,0,500,0,'2022-01-04 12:54:13'),(147,38,75,'LASH SIM',50000,0,0,500,1,'2022-01-05 20:50:58'),(148,38,75,'LASH SIM',30000,0,19900,300,1,'2022-01-05 21:05:45'),(149,38,75,'LASH SIM',50000,0,0,500,0,'2022-01-05 21:13:47'),(150,32,51,'DAVID SON',0,100000,0,1000,0,'2022-01-12 14:45:21'),(151,32,47,'DAVID SON',0,100000,0,1000,0,'2022-01-12 14:46:54'),(152,32,36,'SY CHOI',92200,192200,0,1000,0,'2022-01-14 16:11:43'),(153,32,35,'DAVID SON',245279,255279,25300,100,0,'2022-03-17 14:29:26'),(154,32,35,'DAVID SON',255279,265279,25300,100,0,'2022-03-17 14:29:33');
/*!40000 ALTER TABLE `credit_purchase` ENABLE KEYS */;
UNLOCK TABLES;

--
-- Table structure for table `credit_redeem`
--

DROP TABLE IF EXISTS `credit_redeem`;
/*!40101 SET @saved_cs_client     = @@character_set_client */;
/*!50503 SET character_set_client = utf8mb4 */;
CREATE TABLE `credit_redeem` (
  `id` int NOT NULL AUTO_INCREMENT,
  `adminID` int NOT NULL,
  `userID` int NOT NULL,
  `name` varchar(24) CHARACTER SET utf8mb3 COLLATE utf8mb3_general_ci NOT NULL,
  `oldBalance` int unsigned NOT NULL,
  `balance` int unsigned NOT NULL,
  `chip` int unsigned NOT NULL,
  `credit` int unsigned NOT NULL,
  `createDate` datetime NOT NULL DEFAULT CURRENT_TIMESTAMP,
  PRIMARY KEY (`id`)
) ENGINE=InnoDB AUTO_INCREMENT=37 DEFAULT CHARSET=utf8mb4 COLLATE=utf8mb4_0900_ai_ci;
/*!40101 SET character_set_client = @saved_cs_client */;

--
-- Dumping data for table `credit_redeem`
--

LOCK TABLES `credit_redeem` WRITE;
/*!40000 ALTER TABLE `credit_redeem` DISABLE KEYS */;
INSERT INTO `credit_redeem` VALUES (30,38,56,'JOSH KIM',99800,0,0,998,'2021-12-21 20:20:47'),(31,38,56,'JOSH KIM',250000,50000,0,2000,'2021-12-22 20:13:20'),(32,34,50,'JAY CHANG',100000,80000,0,200,'2021-12-23 14:13:06'),(33,38,75,'LASH SIM',78600,0,0,786,'2022-01-05 21:10:10'),(34,32,51,'DAVID SON',100000,90000,0,100,'2022-01-12 14:51:54'),(35,32,36,'SY CHOI',192200,0,0,1922,'2022-01-14 16:11:51'),(36,32,35,'DAVID SON',265279,255279,25300,100,'2022-03-17 14:29:39');
/*!40000 ALTER TABLE `credit_redeem` ENABLE KEYS */;
UNLOCK TABLES;

--
-- Table structure for table `setting`
--

DROP TABLE IF EXISTS `setting`;
/*!40101 SET @saved_cs_client     = @@character_set_client */;
/*!50503 SET character_set_client = utf8mb4 */;
CREATE TABLE `setting` (
  `id` int unsigned NOT NULL AUTO_INCREMENT,
  `userId` varchar(10) CHARACTER SET utf8mb3 COLLATE utf8mb3_general_ci NOT NULL,
  `card_type1` varchar(10) CHARACTER SET utf8mb3 COLLATE utf8mb3_general_ci NOT NULL,
  `card_type2` varchar(10) CHARACTER SET utf8mb3 COLLATE utf8mb3_general_ci NOT NULL,
  `board_type` varchar(10) CHARACTER SET utf8mb3 COLLATE utf8mb3_general_ci NOT NULL,
  `best_hands` varchar(128) CHARACTER SET utf8mb3 COLLATE utf8mb3_general_ci DEFAULT '',
  PRIMARY KEY (`id`,`userId`)
) ENGINE=InnoDB AUTO_INCREMENT=7 DEFAULT CHARSET=utf8mb4 COLLATE=utf8mb4_general_ci;
/*!40101 SET character_set_client = @saved_cs_client */;

--
-- Dumping data for table `setting`
--

LOCK TABLES `setting` WRITE;
/*!40000 ALTER TABLE `setting` DISABLE KEYS */;
INSERT INTO `setting` VALUES (1,'35','2','1','1','0'),(2,'36','1','1','1',' '),(3,'38','0','0','0',' '),(4,'1','2','0','2',' '),(5,'2','0','0','0',' '),(6,'3','0','0','0',' ');
/*!40000 ALTER TABLE `setting` ENABLE KEYS */;
UNLOCK TABLES;

--
-- Table structure for table `statics`
--

DROP TABLE IF EXISTS `statics`;
/*!40101 SET @saved_cs_client     = @@character_set_client */;
/*!50503 SET character_set_client = utf8mb4 */;
CREATE TABLE `statics` (
  `id` int NOT NULL AUTO_INCREMENT,
  `userID` int NOT NULL,
  `hands` int unsigned NOT NULL DEFAULT '0',
  `rakes` int unsigned NOT NULL DEFAULT '0',
  `rollings` int unsigned NOT NULL DEFAULT '0',
  `maxPots` int unsigned NOT NULL DEFAULT '0',
  `win` int unsigned NOT NULL DEFAULT '0',
  `fold` int unsigned NOT NULL DEFAULT '0',
  `win_preflop` int unsigned NOT NULL DEFAULT '0',
  `win_flop` int unsigned NOT NULL DEFAULT '0',
  `win_turn` int unsigned NOT NULL DEFAULT '0',
  `win_river` int unsigned NOT NULL DEFAULT '0',
  `win_dealer` int unsigned NOT NULL DEFAULT '0',
  `win_smallBlind` int unsigned NOT NULL DEFAULT '0',
  `win_bigBlind` int unsigned NOT NULL DEFAULT '0',
  `fold_preflop` int unsigned NOT NULL DEFAULT '0',
  `fold_flop` int unsigned NOT NULL DEFAULT '0',
  `fold_turn` int unsigned NOT NULL DEFAULT '0',
  `fold_river` int unsigned NOT NULL DEFAULT '0',
  `draw` int unsigned NOT NULL DEFAULT '0',
  `best_hands` varchar(30) CHARACTER SET utf8mb3 COLLATE utf8mb3_general_ci NOT NULL DEFAULT ' ',
  `updateDate` datetime NOT NULL DEFAULT CURRENT_TIMESTAMP,
  `createDate` datetime NOT NULL DEFAULT CURRENT_TIMESTAMP,
  PRIMARY KEY (`id`,`userID`)
) ENGINE=InnoDB AUTO_INCREMENT=4 DEFAULT CHARSET=utf8mb4 COLLATE=utf8mb4_general_ci;
/*!40101 SET character_set_client = @saved_cs_client */;

--
-- Dumping data for table `statics`
--

LOCK TABLES `statics` WRITE;
/*!40000 ALTER TABLE `statics` DISABLE KEYS */;
INSERT INTO `statics` VALUES (1,1,0,0,0,0,0,0,0,0,0,0,0,0,0,0,0,0,0,0,' ','2023-03-24 11:52:55','2023-03-24 11:52:55'),(2,2,0,0,0,0,0,0,0,0,0,0,0,0,0,0,0,0,0,0,' ','2023-03-24 15:42:26','2023-03-24 15:42:26'),(3,3,0,0,0,0,0,0,0,0,0,0,0,0,0,0,0,0,0,0,' ','2023-03-26 17:00:38','2023-03-26 17:00:38');
/*!40000 ALTER TABLE `statics` ENABLE KEYS */;
UNLOCK TABLES;

--
-- Table structure for table `tables`
--

DROP TABLE IF EXISTS `tables`;
/*!40101 SET @saved_cs_client     = @@character_set_client */;
/*!50503 SET character_set_client = utf8mb4 */;
CREATE TABLE `tables` (
  `id` int unsigned NOT NULL AUTO_INCREMENT,
  `recommender` varchar(20) CHARACTER SET utf8mb3 COLLATE utf8mb3_general_ci NOT NULL DEFAULT '',
  `name` varchar(30) CHARACTER SET utf8mb3 COLLATE utf8mb3_general_ci NOT NULL DEFAULT '',
  `type` int unsigned NOT NULL DEFAULT '0',
  `grade` int unsigned NOT NULL DEFAULT '0',
  `password` varchar(10) CHARACTER SET utf8mb3 COLLATE utf8mb3_general_ci DEFAULT '',
  `maxPlayers` int unsigned NOT NULL,
  `betTimeLimit` int unsigned NOT NULL,
  `smallBlind` int unsigned NOT NULL,
  `bigBlind` int unsigned NOT NULL,
  `minStakePrice` int unsigned NOT NULL,
  `maxStakePrice` int unsigned NOT NULL,
  `useRake` tinyint(1) NOT NULL DEFAULT '0',
  `rake` int DEFAULT '0',
  `useRakeCap` tinyint(1) NOT NULL DEFAULT '0',
  `rakeCap1` int unsigned NOT NULL,
  `rakeCap2` int unsigned NOT NULL,
  `rakeCap3` int unsigned NOT NULL,
  `useFlopRake` tinyint(1) NOT NULL DEFAULT '0',
  `disable` tinyint(1) NOT NULL DEFAULT '0',
  `alive` tinyint(1) NOT NULL DEFAULT '1',
  `updateDate` datetime NOT NULL DEFAULT CURRENT_TIMESTAMP,
  `createDate` datetime NOT NULL DEFAULT CURRENT_TIMESTAMP,
  PRIMARY KEY (`id`)
) ENGINE=InnoDB AUTO_INCREMENT=3 DEFAULT CHARSET=utf8mb4 COLLATE=utf8mb4_general_ci;
/*!40101 SET character_set_client = @saved_cs_client */;

--
-- Dumping data for table `tables`
--

LOCK TABLES `tables` WRITE;
/*!40000 ALTER TABLE `tables` DISABLE KEYS */;
INSERT INTO `tables` VALUES (1,'123123','ashjdsad',0,0,'',9,20,300,500,10000,20000,1,500,0,0,0,0,0,0,1,'2023-03-20 18:52:32','2023-03-20 18:52:32'),(2,'1233321','sad123123',0,0,'123123',9,20,500,1000,50000,100000,1,1000,0,0,0,0,0,0,1,'2023-03-21 11:26:47','2023-03-21 11:26:47');
/*!40000 ALTER TABLE `tables` ENABLE KEYS */;
UNLOCK TABLES;

--
-- Table structure for table `users`
--

DROP TABLE IF EXISTS `users`;
/*!40101 SET @saved_cs_client     = @@character_set_client */;
/*!50503 SET character_set_client = utf8mb4 */;
CREATE TABLE `users` (
  `id` int unsigned NOT NULL AUTO_INCREMENT,
  `uid` varchar(20) CHARACTER SET utf8mb3 COLLATE utf8mb3_general_ci NOT NULL,
  `nickname` varchar(20) CHARACTER SET utf8mb3 COLLATE utf8mb3_general_ci NOT NULL,
  `password` varchar(20) CHARACTER SET utf8mb3 COLLATE utf8mb3_general_ci NOT NULL,
  `avatar` int NOT NULL DEFAULT '0',
  `grade` int NOT NULL DEFAULT '0',
  `balance` int unsigned NOT NULL DEFAULT '0',
  `chip` int unsigned NOT NULL DEFAULT '0',
  `tableID` int DEFAULT NULL,
  `rake` int unsigned NOT NULL DEFAULT '0',
  `transferpassword` varchar(20) CHARACTER SET utf8mb3 COLLATE utf8mb3_general_ci NOT NULL,
  `phone` varchar(20) CHARACTER SET utf8mb3 COLLATE utf8mb3_general_ci NOT NULL,
  `bank` varchar(20) CHARACTER SET utf8mb3 COLLATE utf8mb3_general_ci NOT NULL,
  `holder` varchar(20) CHARACTER SET utf8mb3 COLLATE utf8mb3_general_ci NOT NULL,
  `account` varchar(20) CHARACTER SET utf8mb3 COLLATE utf8mb3_general_ci NOT NULL,
  `recommender` varchar(20) CHARACTER SET utf8mb3 COLLATE utf8mb3_general_ci NOT NULL,
  `purchase` bigint unsigned NOT NULL DEFAULT '0',
  `purchaseCount` int unsigned NOT NULL DEFAULT '0',
  `redeem` bigint unsigned NOT NULL DEFAULT '0',
  `redeemCount` int unsigned NOT NULL DEFAULT '0',
  `activeSessionId` varchar(128) CHARACTER SET utf8mb3 COLLATE utf8mb3_general_ci DEFAULT '',
  `pendingSessionId` varchar(128) CHARACTER SET utf8mb3 COLLATE utf8mb3_general_ci DEFAULT '',
  `pendingSessionTimestamp` bigint DEFAULT '0',
  `loginCount` int unsigned NOT NULL DEFAULT '0',
  `loginDate` datetime NOT NULL DEFAULT CURRENT_TIMESTAMP,
  `logoutDate` datetime NOT NULL DEFAULT CURRENT_TIMESTAMP,
  `updateDate` datetime NOT NULL DEFAULT CURRENT_TIMESTAMP,
  `createDate` datetime NOT NULL DEFAULT CURRENT_TIMESTAMP,
  `disable` tinyint(1) NOT NULL DEFAULT '0',
  `alive` tinyint(1) NOT NULL DEFAULT '1',
  `pending` tinyint(1) NOT NULL DEFAULT '1',
  PRIMARY KEY (`id`,`uid`)
) ENGINE=InnoDB AUTO_INCREMENT=15 DEFAULT CHARSET=utf8mb4 COLLATE=utf8mb4_general_ci;
/*!40101 SET character_set_client = @saved_cs_client */;

--
-- Dumping data for table `users`
--

LOCK TABLES `users` WRITE;
/*!40000 ALTER TABLE `users` DISABLE KEYS */;
INSERT INTO `users` VALUES (1,'gonii','nggon','972130',13,1,12393333,0,-1,24426,'972130','01099599771','','','01099599771','XMDEDF',0,0,0,0,'','',1680257887189,0,'2023-03-31 19:18:07','2023-03-20 12:17:50','2023-03-31 19:19:00','2023-03-20 12:17:50',0,1,0),(2,'nggon','elektra','972130',0,0,1286210,0,-1,20014,'972130','01099599771','','','01099599771','SHOWME',0,0,0,0,'','',1680257888042,0,'2023-03-31 19:18:08','2023-03-20 12:45:47','2023-03-31 19:19:00','2023-03-20 12:45:47',0,1,0),(3,'nggon1','elektra1','972130',0,0,1001200,0,-1,100,'972130','01099599771','','','01099599771','SHOWME',0,0,0,0,'','',1679902785148,0,'2023-03-27 16:39:45','2023-03-20 12:48:23','2023-03-27 16:40:35','2023-03-20 12:48:23',0,1,0),(4,'nggon2','elektra2','972130',0,0,0,0,-1,0,'972130','01099599771','','','01099599771','SHOWME',0,0,0,0,'','',0,0,'2023-03-20 12:59:25','2023-03-20 12:59:25','2023-03-20 12:59:25','2023-03-20 12:59:25',0,1,1),(5,'nggon4','nggon4','972130',0,0,0,0,-1,0,'972130','01099599771','','','010-9599-9771','XMSMDS',0,0,0,0,'','',0,0,'2023-03-20 13:00:18','2023-03-20 13:00:18','2023-03-20 13:00:18','2023-03-20 13:00:18',0,1,1),(6,'nggon5','nggon5','972130',0,0,0,0,-1,0,'972130','01099599771','','','010-9599-9771','XMSMDS',0,0,0,0,'','',0,0,'2023-03-20 13:01:54','2023-03-20 13:01:54','2023-03-20 13:01:54','2023-03-20 13:01:54',0,1,1),(7,'nggon6','nggon6','972130',0,0,0,0,-1,0,'972130','01099599771','','','010-9599-9771','XMSMDS',0,0,0,0,'','',0,0,'2023-03-20 13:03:27','2023-03-20 13:03:27','2023-03-20 13:03:27','2023-03-20 13:03:27',0,1,1),(8,'nggon7','nggon7','972130',0,0,0,0,-1,0,'972130','01099599771','','','010-9599-9771','XMSMDS',0,0,0,0,'','',0,0,'2023-03-20 13:04:33','2023-03-20 13:04:33','2023-03-20 13:04:33','2023-03-20 13:04:33',0,1,1),(9,'nggon8','nggon8','972130',0,0,0,0,-1,0,'972130','01099599771','','','010-9599-9771','XMSMDS',0,0,0,0,'','',0,0,'2023-03-20 13:14:09','2023-03-20 13:14:09','2023-03-20 13:14:09','2023-03-20 13:14:09',0,1,1),(10,'nggon9','nggon9','972130',0,0,0,0,-1,0,'972130','01099599771','','','010-9599-9771','XMSMDS',0,0,0,0,'','',0,0,'2023-03-20 13:15:11','2023-03-20 13:15:11','2023-03-20 13:15:11','2023-03-20 13:15:11',0,1,1),(11,'ghghgh','asdsadsad','12312dsad',0,0,0,0,-1,0,'132312sad','1023123213','123123','123123','123123','23123213',0,0,0,0,'','',0,0,'2023-03-20 13:15:50','2023-03-20 13:15:50','2023-03-20 13:15:50','2023-03-20 13:15:50',0,1,1),(12,'ghghgh1','asdsadsad1','12312dsad',0,0,0,0,-1,0,'132312sad','1023123213','123123','123123','123123','23123213',0,0,0,0,'','',0,0,'2023-03-20 13:22:34','2023-03-20 13:22:34','2023-03-20 13:22:34','2023-03-20 13:22:34',0,1,1),(13,'saddwqe','wqewqsad','123123',0,0,0,0,-1,0,'123213','1232131','13123','sadsa','sad123123','132123213',0,0,0,0,'','',0,0,'2023-03-20 13:22:57','2023-03-20 13:22:57','2023-03-20 13:22:57','2023-03-20 13:22:57',0,1,1),(14,'sad123123','sad21321','asdsa123213',0,0,0,0,-1,0,'assadd','123213213','123123123','12312312','sad213123213','132123123',0,0,0,0,'','',0,0,'2023-03-20 13:24:21','2023-03-20 13:24:21','2023-03-20 13:24:21','2023-03-20 13:24:21',0,1,1);
/*!40000 ALTER TABLE `users` ENABLE KEYS */;
UNLOCK TABLES;
/*!40103 SET TIME_ZONE=@OLD_TIME_ZONE */;

/*!40101 SET SQL_MODE=@OLD_SQL_MODE */;
/*!40014 SET FOREIGN_KEY_CHECKS=@OLD_FOREIGN_KEY_CHECKS */;
/*!40014 SET UNIQUE_CHECKS=@OLD_UNIQUE_CHECKS */;
/*!40101 SET CHARACTER_SET_CLIENT=@OLD_CHARACTER_SET_CLIENT */;
/*!40101 SET CHARACTER_SET_RESULTS=@OLD_CHARACTER_SET_RESULTS */;
/*!40101 SET COLLATION_CONNECTION=@OLD_COLLATION_CONNECTION */;
/*!40111 SET SQL_NOTES=@OLD_SQL_NOTES */;

-- Dump completed on 2023-03-31 19:24:18
