{
    "full": {
        "roomID": 0,
        "adminID": -1,
        "startPlayer": 3,
        "minPlayer": 2,
        "communityCard": 5,
        "betTimeLimit": 5000,
        "showDownTerm": 6000,
        "clearTerm": 5000,
        "readyTerm": 5000,
        "smallBlind": 100,
        "bigBlind": 200,
        "passTerm": 1800000,
        "maxClient": 9,
        "passPrice": 300,
        "minStakeRatio": 50,
        "maxStakeRatio": 150,
        "selectMuckTime": 5000,
        "selectSeatLimitTime": 5,
        "timeoutExitLimit": 5,
        "useTimePass": true,
        "useRake": false,
        "rakePercentage": 0.1,
        "rakeCap": [200, 200, 500],
        "useReBuy": true,
        "limitReBuyCount": 10,
        "denomination": 0.01
    },
    "short": {
        "roomID": 0,
        "adminID": -1,
        "startPlayer": 3,
        "minPlayer": 2,
        "communityCard": 5,
        "betTimeLimit": 20000,
        "showDownTerm": 6000,
        "clearTerm": 5000,
        "readyTerm": 5000,
        "smallBlind": 100,
        "bigBlind": 200,
        "passTerm": 1800000,
        "maxClient": 6,
        "passPrice": 300,
        "minStakeRatio": 50,
        "maxStakeRatio": 150,
        "selectMuckTime": 5000,
        "selectSeatLimitTime": 5,
        "timeoutExitLimit": 5,
        "useTimePass": true,
        "useRake": false,
        "rakePercentage": 0.1,
        "rakeCap": [200, 200, 500],
        "useReBuy": true,
        "limitReBuyCount": 10,
        "denomination": 0.01
    }
}
