{
  "full": {
    "tableID": 0,
    "adminID" : -1,
    "startPlayer": 3,
    "minPlayer": 2,
    "communityCard": 5,
    "betTimeLimit": 5000,
    "showDownTerm": 6000,
    "clearTerm": 2000,
    "readyTerm": 5000,
    "smallBlind": 100,
    "bigBlind" : 200,
    "maxClient" :9,
    "minStakePrice": 10000,
    "maxStakePrice": 20000,
    "selectMuckTime" : 5000,
    "selectSeatLimitTime" : 6000,
    "timeoutExitLimit" : 5,
    "useRake" : false,
    "rakePercentage" : 0.1,
    "rakeCap" : [ 200, 200, 500],
    "useReBuy" : true,
    "limitReBuyCount": 10,
    "balanceRatio": 10,
    "balanceFraction": 0,
    "chipsRatio": 10,
    "chipsFraction": 0,
    "flopRake" : false,
    "useLog" : true
  },

  "short": {
    "tableID": 0,
    "adminID" : -1,
    "startPlayer": 3,
    "minPlayer": 2,
    "communityCard": 5,
    "betTimeLimit": 20000,
    "showDownTerm": 6000,
    "clearTerm": 5000,
    "readyTerm": 5000,
    "smallBlind": 100,
    "bigBlind" : 200,
    "maxClient" :6,
    "minStakePrice": 10000,
    "maxStakePrice": 20000,
    "selectMuckTime" : 5000,
    "selectSeatLimitTime" : 5,
    "timeoutExitLimit" : 5,
    "useRake" : false,
    "rakePercentage" : 0.1,
    "rakeCap" : [ 200, 200, 500],
    "useReBuy" : true,
    "limitReBuyCount": 10,
    "balanceRatio": 10,
    "balanceFraction": 0,
    "chipsRatio": 10,
    "chipsFraction": 0,
    "flopRake" : false,
    "useLog" : true
  }
}