{"importBase":"import","nativeBase":"native","name":"main","deps":["resources"],"uuids":["15nxIlxedIvqH+RAleKRzf","aezJiVIkhD4aStYBDnr9zz","afxHkx8GZGsJC+n+YfITQo","b7MFJ8MjNBwqr3fNq1j5dJ","c5FB1a0zxNS5GUaNX1w+d2","c9TFfgGslJQpHzCL+zcUuf","d29eYRnjxHGq0YKPFH0PD0","fdjsU2o1RKF5x0TziDw3jI","ffuIqPr2JI9I8dPLYGRDpD","02qKjBoWFGDL2LLbZK4pQd@f9941","06701bf5f","07HWELd8lI9pi2PT0gYzP9@f9941","0cleUkSepDjrO9MPQEcRvQ@f9941","0dxv4RLxBGT7W5Q6dNKZfk@f9941","0emUVUAOpPeq5VbOBxjBvZ@f9941","11rF3IQ61DVrTW27a+jP7B@f9941","15xcg8M+BCdKM6cDpxbtci@f9941","1czEcerkBDioVvp3Q95RMs@f9941","1fEFBgQutNyqm/1DDUk6Xx@f9941","20g1ukYUVPvKWKBRznAKo+@f9941","20m5Uw/YNMQ5Umuc0vs1qW@f9941","271q464kZJrqM92HIvR8G8","291vRx1OdE9bsHZx4mZJyD","2915VK6sZERoyiWk6X/MaJ@f9941","2eoSY1AnpPpIzoOEZQj4He@f9941","2e9rT01DFGJo7fAPCdvPEb@f9941","31B83aVRlOl6SP5gcYRvRX@f9941","35pv/CJpBEq7UGnkvjIINl@f9941","36Kz6jYCRA3JUQzLadu/uP","38G8eIgXlDXqwqMOHz3N53@f9941","40BJEYOQVJoZoas2wMilIC@f9941","4aEqZZhOZITbU3csVaH5Nz@f9941","4cle4Lb6pAP4H+tmn6qUBu@f9941","4dL7ERSYdG8KfGe925PHNe@f9941","4fLoWJW9JMcpQRVeCYB54Y@f9941","51zCEU3wFKrKIeOU1WFoRX@f9941","54TknWPwVPqJqeCR+Y/Czo@f9941","548EBD5oBI+Z5CeT79u+Lq@f9941","5bCdGdgmVJvaracGIVOL5W@f9941","602GCgolFOPI8oZ/flvF4k","61TQ3cGOFGTYS1IPFCBoHw@f9941","622AJgvm9HEqBsthXCSLeC@f9941","67UUxxOiZLq6TLCZtVBCQw@f9941","69vExBAb5C3JJtwu4ylU58@f9941","6axDPGW6JJ2rvQ5Y8snc4U@f9941","6c6LvTnddFGZhMnCjNfH0u@f9941","6em54L++lMSInL7eJWgOCG@f9941","73bTbHC/tGWoSa5ySq/chL","7324/rooFF2rx1HX5eskZn@f9941","738Cun6GpETr0wMWHwl4ii@f9941","77igecjh1HorCwmRvXjZ/5@f9941","78G7zVYDdOX5oXnC+CDnVO@f9941","7dj5uJT9FMn6OrOOx83tfK@f9941","7ecslSFNRGorhJ/SIxi6NF@f9941","80mhnGtIJHvpiUW8AEP4j1@f9941","81cUSLUOFM6LnfgszCgIhE@f9941","81gdosYClJWKC2xciKMNeu@f9941","87PlFdUV5PUpbildrxvYwW","8aIfaGjpJNd55dRWmGWKo4@f9941","8abX0CD69F2bLYyBwLXbeB@f9941","8bndf2eIdN65fA2uuLUmgI","8dDddzo1FFCL3aJiPFxzYY@f9941","8e7GQ2MJtC45eR7h9Ktx/I@f9941","91StDKZplKVpbA7YMirP5g@f9941","92oJsbJiNJboxLJi+XuGm4@f9941","94O+7ZrxlJUp7tgvQ6hrev","95EkngnxZFbYuFpsqVTaFr@f9941","95jKGE/PtMp6CyIgH5ZCD8@f9941","98iHrSFydDGLky7YEZPxqV@f9941","a0J4+ErXhOXo+TGbgcpAM1@f9941","a2T9oZ8TtDrojXrvnCeBti","a3SbNRczRD+pjMKsmWMMHi@f9941","a4FqWLwNdJ5JBd5EUNa1+m@f9941","a9GESjlN5LXKiDj4CASQGW","a9GVl9UaVIo7KGd4ErZab9@f9941","aacZiAaq9Fso0Bo6A6VlGX@f9941","abQB6fwWlDOaVJ8Gywukf7@f9941","abYA0epn9MIYQFjAJa7Foa","afxHkx8GZGsJC+n+YfITQo@6c48a","afxHkx8GZGsJC+n+YfITQo@f9941","b7MFJ8MjNBwqr3fNq1j5dJ@6c48a","b7MFJ8MjNBwqr3fNq1j5dJ@f9941","b8GU98ZbZKlYvGEK49ZyQj@f9941","b8PSR15lFDQJ9hJ3E6E60q@f9941","c7mACQNt9M0Z/y4yuMxyfs","ccUgEcknBCALxq+/0mjuel@f9941","d3HQGeISxOqqYig97encCr@f9941","ddLmRLNnFIU4JbQOYhbx0Y@f9941","deiINRkW1Ex4MZe/Z1Bcnm@f9941","df5XIgX45AaKzVNNvzInLb@f9941","e5C+Lnbo9GY6vAnekfIP+Y@f9941","e6gmopsJlBXbXxezQBYNQB@f9941","e879XBZOdP9I6rigUN3+0r@f9941","e9Djz8G9dB87DM5LDzt2AQ","f0agj6AsJFCpSOefEiC0rq@f9941","f2IiBtu2tKtaNgUq/6ZWZM","f8OC02MPtA8qQEMhKGHaXl@f9941","faaBMBzI5N+ZjNlU/0h02V","fcMVm4U95DI59k+9kpSHoM@f9941","fclLv78fdAQrtfCe3a6DYC@f9941","fcs9vyMfRA77T6drMLfst9@f9941","fdWMwZUspAX5SFpD476bjJ@f9941","fdXdIRaTBLnZzc62xJWItE","feyWUkkBdDU5HMT8kmgIf6@f9941","ffuIqPr2JI9I8dPLYGRDpD@6c48a","ffuIqPr2JI9I8dPLYGRDpD@f9941"],"paths":{"7":["db:/internal/default_renderpipeline/builtin-forward",0]},"scenes":{"db://assets/scene.scene":5,"db://assets/login.scene":6},"packs":{"06701bf5f":["0","1","2","78","79","3","80","81","4","5","6","7","8","104","105"]},"versions":{"import":[10,"5595f"],"native":[0,"19855",1,"513f8",2,"d55c2",3,"cdbc9",4,"0add6",8,"6d707"]},"redirect":[9,"0",11,"0",12,"0",13,"0",14,"0",15,"0",16,"0",17,"0",18,"0",19,"0",20,"0",21,"0",22,"0",23,"0",24,"0",25,"0",26,"0",27,"0",28,"0",29,"0",30,"0",31,"0",32,"0",33,"0",34,"0",35,"0",36,"0",37,"0",38,"0",39,"0",40,"0",41,"0",42,"0",43,"0",44,"0",45,"0",46,"0",47,"0",48,"0",49,"0",50,"0",51,"0",52,"0",53,"0",54,"0",55,"0",56,"0",57,"0",58,"0",59,"0",60,"0",61,"0",62,"0",63,"0",64,"0",65,"0",66,"0",67,"0",68,"0",69,"0",70,"0",71,"0",72,"0",73,"0",74,"0",75,"0",76,"0",77,"0",82,"0",83,"0",84,"0",85,"0",86,"0",87,"0",88,"0",89,"0",90,"0",91,"0",92,"0",93,"0",94,"0",95,"0",96,"0",97,"0",98,"0",99,"0",100,"0",101,"0",102,"0",103,"0"],"debug":false,"types":["cc.RenderPipeline"]}