{
  "full": {
    "tableID": 0,
    "adminID" : -1,
    "startPlayer": 3,
    "minPlayer": 2,
    "communityCard": 5,
    "betTimeLimit": 5000,
    "showDownTerm": 6000,
    "clearTerm": 3000,
    "readyTerm": 5000,
    "longSitoutTerm": 60000,
    "smallBlind": 100,
    "bigBlind" : 200,
    "maxClient" :9,
    "minStakePrice": 10000,
    "maxStakePrice": 20000,
    "selectMuckTime" : 5000,
    "selectSeatLimitTime" : 60,
    "timeoutExitLimit" : 1,
    "timeoutUnit" : 7,
    "useRake" : false,
    "rakePercentage" : 0.1,
    "rakeCap" : [ 200, 200, 500],
    "useReBuy" : true,
    "limitReBuyCount": 10,
    "balanceRatio": 10,
    "balanceFraction": 0,
    "chipsRatio": 10,
    "chipsFraction": 0,
    "ante": 1000, 
    "flopRake" : false,
    "useLog" : true
  },

  "short": {
    "tableID": 0,
    "adminID" : -1,
    "startPlayer": 3,
    "minPlayer": 2,
    "communityCard": 5,
    "betTimeLimit": 20000,
    "showDownTerm": 6000,
    "clearTerm": 3000,
    "readyTerm": 5000,
    "longSitoutTerm": 60000,    
    "smallBlind": 100,
    "bigBlind" : 200,
    "ante": 1000,     
    "maxClient" :6,
    "minStakePrice": 10000,
    "maxStakePrice": 20000,
    "selectMuckTime" : 5000,
    "selectSeatLimitTime" : 60,
    "timeoutExitLimit" : 5,
    "timeoutUnit" : 7,
    "useRake" : false,
    "rakePercentage" : 0.1,
    "rakeCap" : [ 200, 200, 500],
    "useReBuy" : true,
    "limitReBuyCount": 10,
    "balanceRatio": 10,
    "balanceFraction": 0,
    "chipsRatio": 10,
    "chipsFraction": 0,
    "flopRake" : false,
    "useLog" : true
  }
}