{"importBase":"import","nativeBase":"native","name":"resources","deps":[],"uuids":["01LolBGkpGqYepBqj/uSdH","02qKjBoWFGDL2LLbZK4pQd","0393+1iH1HJ7XIiwuqC+fs","04st9HeXpNCZ7q72BNBgXj","06lkrFWixF+JYqs95Kvec3","07HWELd8lI9pi2PT0gYzP9","08B1OeCj1OYq2GbsyON07x","0cleUkSepDjrO9MPQEcRvQ","0c/fxELgZDT4TlupyuS/rM","0daYSCsr5KC5s34coYrVNo","0dxv4RLxBGT7W5Q6dNKZfk","0d0SsipahNBaEU2dsvu8fq","0emUVUAOpPeq5VbOBxjBvZ","11rF3IQ61DVrTW27a+jP7B","15T6EvH+VFu5QMoRO/3uX5","15xcg8M+BCdKM6cDpxbtci","18lyFiSd1B04nRfrzvNirB","1czEcerkBDioVvp3Q95RMs","1dmxLgHzhJxKa0dAT+MpYS","1fEFBgQutNyqm/1DDUk6Xx","20m5Uw/YNMQ5Umuc0vs1qW","21qo/YbCFGUa2sMvewlzN/","22YYPYZixELIe+MuYgkzIk","23j80MBY9LRavOU0hl2d8f","282bD1A+9BkaEZGwIfRrb4","2915VK6sZERoyiWk6X/MaJ","2eoSY1AnpPpIzoOEZQj4He","2e9rT01DFGJo7fAPCdvPEb","30PIueVJ1Jn4drj3KJAJyu","3095KYxvhPCooJ/v132HDl","31B83aVRlOl6SP5gcYRvRX","35pv/CJpBEq7UGnkvjIINl","36Kz6jYCRA3JUQzLadu/uP","38G8eIgXlDXqwqMOHz3N53","395RBWvtxByb+KmTc3LxfP","3ahftlkT5MwZtPFa7dq5L2","3e8frbTu9AzZGEyBS/2ywa","40BJEYOQVJoZoas2wMilIC","48D/IzimBL/pcPymoi9MWW","4aEqZZhOZITbU3csVaH5Nz","4cle4Lb6pAP4H+tmn6qUBu","4dL7ERSYdG8KfGe925PHNe","4dTpG2E+FAk6ch84C2iMrk","4fLoWJW9JMcpQRVeCYB54Y","51zCEU3wFKrKIeOU1WFoRX","548EBD5oBI+Z5CeT79u+Lq","55qxwNJjZJZ6cNPqoh1Lhx","56BfHyX6dEVr2kiEANQYCN","56IueGdjtPAoUsK8Fq7ScY","5bCdGdgmVJvaracGIVOL5W","5bOL/dYFFILa1wJeLTUliS","5fKEora3BDmJpDZrBrCHgv","5fRABWeI5AuoplCn41Ru0G","60zqKQc+JKG5aUvwkglcoV","61TQ3cGOFGTYS1IPFCBoHw","622AJgvm9HEqBsthXCSLeC","64ZkrxRxJA3rJDidauZwci","65qMIWhwdMH6MfFXfmtwnn","67UUxxOiZLq6TLCZtVBCQw","69vExBAb5C3JJtwu4ylU58","6axDPGW6JJ2rvQ5Y8snc4U","6c6LvTnddFGZhMnCjNfH0u","6em54L++lMSInL7eJWgOCG","6fmTUP7TFNcYnwZJfCDXjK","7324/rooFF2rx1HX5eskZn","738Cun6GpETr0wMWHwl4ii","75608n5adAmJ7aq2NcHXyK","77igecjh1HorCwmRvXjZ/5","78G7zVYDdOX5oXnC+CDnVO","7b+AzP+D5EbK3kmeulP6oW","7c1+s+5AlFRrKY3eUZu62/","7dcTOIWBVDt64iUXdv+Ept","7ecslSFNRGorhJ/SIxi6NF","80mhnGtIJHvpiUW8AEP4j1","81cUSLUOFM6LnfgszCgIhE","81dvlL6ONE+7N7unArBlar","81gdosYClJWKC2xciKMNeu","86iws176hG4oCoqTjP6zuS","87X+SYBvVD35tyB32FWhXv","89iD/KGM1FxqhrJ3pUWZkN","8aIfaGjpJNd55dRWmGWKo4","8abX0CD69F2bLYyBwLXbeB","8cLcq8wt9L6782m0ebmfbM","8cpmSC5XNHZ7TWRyPlKhqb","8dDddzo1FFCL3aJiPFxzYY","8dUPaUzE1P8onArOnpSkU9","8e7GQ2MJtC45eR7h9Ktx/I","8fv0Xjk9JNLbVsWiaufvFf","91StDKZplKVpbA7YMirP5g","92SE4nQjFO55tm7kCmZevh","92enXq9U1Nuq9cD5LiU9JM","92oJsbJiNJboxLJi+XuGm4","93WI51mddJqaWhdv9TiylO","930ng5Ii5CGpqV3WbgE+g7","95jKGE/PtMp6CyIgH5ZCD8","95vEGKUqxNG5UNhLZYQ+kA","96OASES2ZAGJ+87s8TRNUh","96YtGooLVAPZDCNxW1uiU1","98fqbx+RtCDrQD0ErNu/DD","98iHrSFydDGLky7YEZPxqV","9aUULRkEBKSKKP8+2BWB3o","9a7ElxcQxITK2Zdxc9ZZcJ","9e6YRTDcRAh5TxbPu2dYNG","9fx9t03lBOtYUaquoOBTiG","a0J4+ErXhOXo+TGbgcpAM1","a1nwMC1PlDJrkGsJ7QhRya","a3SbNRczRD+pjMKsmWMMHi","a3vR3DwpVKmq/tHOqwthEI","a4FqWLwNdJ5JBd5EUNa1+m","a5LMx1kfNLY60Eej9Xaatj","a5lFzXTjRIZpBB6Oxny1do","a6Wzu9BoJL1aoqJEwhzCtj","a9GVl9UaVIo7KGd4ErZab9","aacZiAaq9Fso0Bo6A6VlGX","abQB6fwWlDOaVJ8Gywukf7","acSJIRCcdKo5g1N/GZMlOj","b27hahuqdJf4jChlLw31/T","b3JijGB3tJQJkrsSx0nxkF","b57bRnecBFb7ZCDqVbhCh7","b8GU98ZbZKlYvGEK49ZyQj","b8PSR15lFDQJ9hJ3E6E60q","betD+dThNEuZRLPUHQu+jV","c2F3TLUr5AAZQ1SUwvoTXt","c6URs9prJPrYNU4Glpo8cs","c9nAKt4dROkZBDV9sC1h4T","ccUgEcknBCALxq+/0mjuel","d3HQGeISxOqqYig97encCr","ddLmRLNnFIU4JbQOYhbx0Y","dd+yyu2J9BELIbSIYyvNiW","dePWiafA9EcpXeM/iEmvm+","deiINRkW1Ex4MZe/Z1Bcnm","df5XIgX45AaKzVNNvzInLb","e4oQRB1lJD+bOgtn3sM31u","e40o1pslFI77LDs/GY9An8","e5C+Lnbo9GY6vAnekfIP+Y","e6gmopsJlBXbXxezQBYNQB","e8YmaKNcZGHI8phNHUrFEX","e879XBZOdP9I6rigUN3+0r","f0agj6AsJFCpSOefEiC0rq","f3BTQTMstLjKnSKJF7yhRc","f3Epns8sFF8rBmdRX0TPlW","f8OC02MPtA8qQEMhKGHaXl","fcMVm4U95DI59k+9kpSHoM","fclLv78fdAQrtfCe3a6DYC","fcs9vyMfRA77T6drMLfst9","fdWMwZUspAX5SFpD476bjJ","feyWUkkBdDU5HMT8kmgIf6","ffISs/Q3dO9oYdwoMBdZee","ff58X7x5VLP4EmWJ3bPAcn","01LolBGkpGqYepBqj/uSdH@6c48a","01LolBGkpGqYepBqj/uSdH@f9941","02qKjBoWFGDL2LLbZK4pQd@6c48a","02qKjBoWFGDL2LLbZK4pQd@f9941","024M6uk49J24c2rhg1s7cS","0393+1iH1HJ7XIiwuqC+fs@6c48a","0393+1iH1HJ7XIiwuqC+fs@f9941","04st9HeXpNCZ7q72BNBgXj@6c48a","04st9HeXpNCZ7q72BNBgXj@f9941","06lkrFWixF+JYqs95Kvec3@6c48a","06lkrFWixF+JYqs95Kvec3@f9941","07HWELd8lI9pi2PT0gYzP9@6c48a","07HWELd8lI9pi2PT0gYzP9@f9941","08B1OeCj1OYq2GbsyON07x@6c48a","08B1OeCj1OYq2GbsyON07x@f9941","0cleUkSepDjrO9MPQEcRvQ@6c48a","0cleUkSepDjrO9MPQEcRvQ@f9941","0c/fxELgZDT4TlupyuS/rM@6c48a","0c/fxELgZDT4TlupyuS/rM@f9941","0daYSCsr5KC5s34coYrVNo@6c48a","0daYSCsr5KC5s34coYrVNo@f9941","0dxv4RLxBGT7W5Q6dNKZfk@6c48a","0dxv4RLxBGT7W5Q6dNKZfk@f9941","0d0SsipahNBaEU2dsvu8fq@6c48a","0d0SsipahNBaEU2dsvu8fq@f9941","0emUVUAOpPeq5VbOBxjBvZ@6c48a","0emUVUAOpPeq5VbOBxjBvZ@f9941","11rF3IQ61DVrTW27a+jP7B@6c48a","11rF3IQ61DVrTW27a+jP7B@f9941","15T6EvH+VFu5QMoRO/3uX5@6c48a","15T6EvH+VFu5QMoRO/3uX5@f9941","15xcg8M+BCdKM6cDpxbtci@6c48a","15xcg8M+BCdKM6cDpxbtci@f9941","18lyFiSd1B04nRfrzvNirB@6c48a","18lyFiSd1B04nRfrzvNirB@f9941","1czEcerkBDioVvp3Q95RMs@6c48a","1czEcerkBDioVvp3Q95RMs@f9941","1dmxLgHzhJxKa0dAT+MpYS@6c48a","1dmxLgHzhJxKa0dAT+MpYS@f9941","1fEFBgQutNyqm/1DDUk6Xx@6c48a","1fEFBgQutNyqm/1DDUk6Xx@f9941","20g1ukYUVPvKWKBRznAKo+","20m5Uw/YNMQ5Umuc0vs1qW@6c48a","20m5Uw/YNMQ5Umuc0vs1qW@f9941","21qo/YbCFGUa2sMvewlzN/@6c48a","21qo/YbCFGUa2sMvewlzN/@f9941","22YYPYZixELIe+MuYgkzIk@6c48a","22YYPYZixELIe+MuYgkzIk@f9941","23j80MBY9LRavOU0hl2d8f@6c48a","23j80MBY9LRavOU0hl2d8f@f9941","271q464kZJrqM92HIvR8G8","282bD1A+9BkaEZGwIfRrb4@6c48a","282bD1A+9BkaEZGwIfRrb4@f9941","291vRx1OdE9bsHZx4mZJyD","2915VK6sZERoyiWk6X/MaJ@6c48a","2915VK6sZERoyiWk6X/MaJ@f9941","2eoSY1AnpPpIzoOEZQj4He@6c48a","2eoSY1AnpPpIzoOEZQj4He@f9941","2e9rT01DFGJo7fAPCdvPEb@6c48a","2e9rT01DFGJo7fAPCdvPEb@f9941","30PIueVJ1Jn4drj3KJAJyu@6c48a","30PIueVJ1Jn4drj3KJAJyu@f9941","3095KYxvhPCooJ/v132HDl@6c48a","3095KYxvhPCooJ/v132HDl@f9941","31B83aVRlOl6SP5gcYRvRX@6c48a","31B83aVRlOl6SP5gcYRvRX@f9941","35pv/CJpBEq7UGnkvjIINl@6c48a","35pv/CJpBEq7UGnkvjIINl@f9941","37CpQDaZRGaLWfTihbrC/0","38G8eIgXlDXqwqMOHz3N53@6c48a","38G8eIgXlDXqwqMOHz3N53@f9941","395RBWvtxByb+KmTc3LxfP@6c48a","395RBWvtxByb+KmTc3LxfP@f9941","3ahftlkT5MwZtPFa7dq5L2@6c48a","3ahftlkT5MwZtPFa7dq5L2@f9941","3e8frbTu9AzZGEyBS/2ywa@6c48a","3e8frbTu9AzZGEyBS/2ywa@f9941","40BJEYOQVJoZoas2wMilIC@6c48a","40BJEYOQVJoZoas2wMilIC@f9941","479ndGkMFCnb9daAZ7v5iR","48D/IzimBL/pcPymoi9MWW@6c48a","48D/IzimBL/pcPymoi9MWW@f9941","4aEqZZhOZITbU3csVaH5Nz@6c48a","4aEqZZhOZITbU3csVaH5Nz@f9941","4cle4Lb6pAP4H+tmn6qUBu@6c48a","4cle4Lb6pAP4H+tmn6qUBu@f9941","4dL7ERSYdG8KfGe925PHNe@6c48a","4dL7ERSYdG8KfGe925PHNe@f9941","4dTpG2E+FAk6ch84C2iMrk@6c48a","4dTpG2E+FAk6ch84C2iMrk@f9941","4fLoWJW9JMcpQRVeCYB54Y@6c48a","4fLoWJW9JMcpQRVeCYB54Y@f9941","51zCEU3wFKrKIeOU1WFoRX@6c48a","51zCEU3wFKrKIeOU1WFoRX@f9941","54TknWPwVPqJqeCR+Y/Czo","548EBD5oBI+Z5CeT79u+Lq@6c48a","548EBD5oBI+Z5CeT79u+Lq@f9941","55qxwNJjZJZ6cNPqoh1Lhx@6c48a","55qxwNJjZJZ6cNPqoh1Lhx@f9941","56BfHyX6dEVr2kiEANQYCN@6c48a","56BfHyX6dEVr2kiEANQYCN@f9941","56IueGdjtPAoUsK8Fq7ScY@6c48a","56IueGdjtPAoUsK8Fq7ScY@f9941","5bCdGdgmVJvaracGIVOL5W@6c48a","5bCdGdgmVJvaracGIVOL5W@f9941","5bOL/dYFFILa1wJeLTUliS@6c48a","5bOL/dYFFILa1wJeLTUliS@f9941","5fKEora3BDmJpDZrBrCHgv@6c48a","5fKEora3BDmJpDZrBrCHgv@f9941","5fRABWeI5AuoplCn41Ru0G@6c48a","5fRABWeI5AuoplCn41Ru0G@f9941","60zqKQc+JKG5aUvwkglcoV@6c48a","60zqKQc+JKG5aUvwkglcoV@f9941","602GCgolFOPI8oZ/flvF4k","61TQ3cGOFGTYS1IPFCBoHw@6c48a","61TQ3cGOFGTYS1IPFCBoHw@f9941","622AJgvm9HEqBsthXCSLeC@6c48a","622AJgvm9HEqBsthXCSLeC@f9941","64ZkrxRxJA3rJDidauZwci@6c48a","64ZkrxRxJA3rJDidauZwci@f9941","65qMIWhwdMH6MfFXfmtwnn@6c48a","65qMIWhwdMH6MfFXfmtwnn@f9941","67UUxxOiZLq6TLCZtVBCQw@6c48a","67UUxxOiZLq6TLCZtVBCQw@f9941","69vExBAb5C3JJtwu4ylU58@6c48a","69vExBAb5C3JJtwu4ylU58@f9941","6axDPGW6JJ2rvQ5Y8snc4U@6c48a","6axDPGW6JJ2rvQ5Y8snc4U@f9941","6c6LvTnddFGZhMnCjNfH0u@6c48a","6c6LvTnddFGZhMnCjNfH0u@f9941","6em54L++lMSInL7eJWgOCG@6c48a","6em54L++lMSInL7eJWgOCG@f9941","6fmTUP7TFNcYnwZJfCDXjK@6c48a","6fmTUP7TFNcYnwZJfCDXjK@f9941","73bTbHC/tGWoSa5ySq/chL","7324/rooFF2rx1HX5eskZn@6c48a","7324/rooFF2rx1HX5eskZn@f9941","738Cun6GpETr0wMWHwl4ii@6c48a","738Cun6GpETr0wMWHwl4ii@f9941","75608n5adAmJ7aq2NcHXyK@6c48a","75608n5adAmJ7aq2NcHXyK@f9941","77igecjh1HorCwmRvXjZ/5@6c48a","77igecjh1HorCwmRvXjZ/5@f9941","78G7zVYDdOX5oXnC+CDnVO@6c48a","78G7zVYDdOX5oXnC+CDnVO@f9941","7b+AzP+D5EbK3kmeulP6oW@6c48a","7b+AzP+D5EbK3kmeulP6oW@f9941","7c1+s+5AlFRrKY3eUZu62/@6c48a","7c1+s+5AlFRrKY3eUZu62/@f9941","7dcTOIWBVDt64iUXdv+Ept@6c48a","7dcTOIWBVDt64iUXdv+Ept@f9941","7dj5uJT9FMn6OrOOx83tfK","7ecslSFNRGorhJ/SIxi6NF@6c48a","7ecslSFNRGorhJ/SIxi6NF@f9941","80mhnGtIJHvpiUW8AEP4j1@6c48a","80mhnGtIJHvpiUW8AEP4j1@f9941","81cUSLUOFM6LnfgszCgIhE@6c48a","81cUSLUOFM6LnfgszCgIhE@f9941","81dvlL6ONE+7N7unArBlar@6c48a","81dvlL6ONE+7N7unArBlar@f9941","81gdosYClJWKC2xciKMNeu@6c48a","81gdosYClJWKC2xciKMNeu@f9941","83IhVW5OZD8aW6QPQWIqsW","86iws176hG4oCoqTjP6zuS@6c48a","86iws176hG4oCoqTjP6zuS@f9941","87PlFdUV5PUpbildrxvYwW","87X+SYBvVD35tyB32FWhXv@6c48a","87X+SYBvVD35tyB32FWhXv@f9941","89iD/KGM1FxqhrJ3pUWZkN@6c48a","89iD/KGM1FxqhrJ3pUWZkN@f9941","8aIfaGjpJNd55dRWmGWKo4@6c48a","8aIfaGjpJNd55dRWmGWKo4@f9941","8abX0CD69F2bLYyBwLXbeB@6c48a","8abX0CD69F2bLYyBwLXbeB@f9941","8bndf2eIdN65fA2uuLUmgI","8cLcq8wt9L6782m0ebmfbM@6c48a","8cLcq8wt9L6782m0ebmfbM@f9941","8cpmSC5XNHZ7TWRyPlKhqb@6c48a","8cpmSC5XNHZ7TWRyPlKhqb@f9941","8dDddzo1FFCL3aJiPFxzYY@6c48a","8dDddzo1FFCL3aJiPFxzYY@f9941","8dUPaUzE1P8onArOnpSkU9@6c48a","8dUPaUzE1P8onArOnpSkU9@f9941","8e7GQ2MJtC45eR7h9Ktx/I@6c48a","8e7GQ2MJtC45eR7h9Ktx/I@f9941","8fv0Xjk9JNLbVsWiaufvFf@6c48a","8fv0Xjk9JNLbVsWiaufvFf@f9941","91StDKZplKVpbA7YMirP5g@6c48a","91StDKZplKVpbA7YMirP5g@f9941","92SE4nQjFO55tm7kCmZevh@6c48a","92SE4nQjFO55tm7kCmZevh@f9941","92enXq9U1Nuq9cD5LiU9JM@6c48a","92enXq9U1Nuq9cD5LiU9JM@f9941","92oJsbJiNJboxLJi+XuGm4@6c48a","92oJsbJiNJboxLJi+XuGm4@f9941","93WI51mddJqaWhdv9TiylO@6c48a","93WI51mddJqaWhdv9TiylO@f9941","930ng5Ii5CGpqV3WbgE+g7@6c48a","930ng5Ii5CGpqV3WbgE+g7@f9941","94O+7ZrxlJUp7tgvQ6hrev","95EkngnxZFbYuFpsqVTaFr","95jKGE/PtMp6CyIgH5ZCD8@6c48a","95jKGE/PtMp6CyIgH5ZCD8@f9941","95vEGKUqxNG5UNhLZYQ+kA@6c48a","95vEGKUqxNG5UNhLZYQ+kA@f9941","96OASES2ZAGJ+87s8TRNUh@6c48a","96OASES2ZAGJ+87s8TRNUh@f9941","96YtGooLVAPZDCNxW1uiU1@6c48a","96YtGooLVAPZDCNxW1uiU1@f9941","98fqbx+RtCDrQD0ErNu/DD@6c48a","98fqbx+RtCDrQD0ErNu/DD@f9941","98iHrSFydDGLky7YEZPxqV@6c48a","98iHrSFydDGLky7YEZPxqV@f9941","9aUULRkEBKSKKP8+2BWB3o@6c48a","9aUULRkEBKSKKP8+2BWB3o@f9941","9a7ElxcQxITK2Zdxc9ZZcJ@6c48a","9a7ElxcQxITK2Zdxc9ZZcJ@f9941","9e6YRTDcRAh5TxbPu2dYNG@6c48a","9e6YRTDcRAh5TxbPu2dYNG@f9941","9fx9t03lBOtYUaquoOBTiG@6c48a","9fx9t03lBOtYUaquoOBTiG@f9941","a0J4+ErXhOXo+TGbgcpAM1@6c48a","a0J4+ErXhOXo+TGbgcpAM1@f9941","a1nwMC1PlDJrkGsJ7QhRya@6c48a","a1nwMC1PlDJrkGsJ7QhRya@f9941","a2T9oZ8TtDrojXrvnCeBti","a3SbNRczRD+pjMKsmWMMHi@6c48a","a3SbNRczRD+pjMKsmWMMHi@f9941","a3vR3DwpVKmq/tHOqwthEI@6c48a","a3vR3DwpVKmq/tHOqwthEI@f9941","a4FqWLwNdJ5JBd5EUNa1+m@6c48a","a4FqWLwNdJ5JBd5EUNa1+m@f9941","a5LMx1kfNLY60Eej9Xaatj@6c48a","a5LMx1kfNLY60Eej9Xaatj@f9941","a5lFzXTjRIZpBB6Oxny1do@6c48a","a5lFzXTjRIZpBB6Oxny1do@f9941","a6Wzu9BoJL1aoqJEwhzCtj@6c48a","a6Wzu9BoJL1aoqJEwhzCtj@f9941","a9GESjlN5LXKiDj4CASQGW","a9GVl9UaVIo7KGd4ErZab9@6c48a","a9GVl9UaVIo7KGd4ErZab9@f9941","aacZiAaq9Fso0Bo6A6VlGX@6c48a","aacZiAaq9Fso0Bo6A6VlGX@f9941","abQB6fwWlDOaVJ8Gywukf7@6c48a","abQB6fwWlDOaVJ8Gywukf7@f9941","abYA0epn9MIYQFjAJa7Foa","acSJIRCcdKo5g1N/GZMlOj@6c48a","acSJIRCcdKo5g1N/GZMlOj@f9941","b27hahuqdJf4jChlLw31/T@6c48a","b27hahuqdJf4jChlLw31/T@f9941","b3JijGB3tJQJkrsSx0nxkF@6c48a","b3JijGB3tJQJkrsSx0nxkF@f9941","b57bRnecBFb7ZCDqVbhCh7@6c48a","b57bRnecBFb7ZCDqVbhCh7@f9941","b8GU98ZbZKlYvGEK49ZyQj@6c48a","b8GU98ZbZKlYvGEK49ZyQj@f9941","b8PSR15lFDQJ9hJ3E6E60q@6c48a","b8PSR15lFDQJ9hJ3E6E60q@f9941","betD+dThNEuZRLPUHQu+jV@6c48a","betD+dThNEuZRLPUHQu+jV@f9941","c2F3TLUr5AAZQ1SUwvoTXt@6c48a","c2F3TLUr5AAZQ1SUwvoTXt@f9941","c6URs9prJPrYNU4Glpo8cs@6c48a","c6URs9prJPrYNU4Glpo8cs@f9941","c7mACQNt9M0Z/y4yuMxyfs","c9nAKt4dROkZBDV9sC1h4T@6c48a","c9nAKt4dROkZBDV9sC1h4T@f9941","ccUgEcknBCALxq+/0mjuel@6c48a","ccUgEcknBCALxq+/0mjuel@f9941","d3HQGeISxOqqYig97encCr@6c48a","d3HQGeISxOqqYig97encCr@f9941","dbSvy4E2pOlabFGmN5g7z2","ddLmRLNnFIU4JbQOYhbx0Y@6c48a","ddLmRLNnFIU4JbQOYhbx0Y@f9941","dd+yyu2J9BELIbSIYyvNiW@6c48a","dd+yyu2J9BELIbSIYyvNiW@f9941","dePWiafA9EcpXeM/iEmvm+@6c48a","dePWiafA9EcpXeM/iEmvm+@f9941","deiINRkW1Ex4MZe/Z1Bcnm@6c48a","deiINRkW1Ex4MZe/Z1Bcnm@f9941","df5XIgX45AaKzVNNvzInLb@6c48a","df5XIgX45AaKzVNNvzInLb@f9941","e4oQRB1lJD+bOgtn3sM31u@6c48a","e4oQRB1lJD+bOgtn3sM31u@f9941","e40o1pslFI77LDs/GY9An8@6c48a","e40o1pslFI77LDs/GY9An8@f9941","e5C+Lnbo9GY6vAnekfIP+Y@6c48a","e5C+Lnbo9GY6vAnekfIP+Y@f9941","e6gmopsJlBXbXxezQBYNQB@6c48a","e6gmopsJlBXbXxezQBYNQB@f9941","e8YmaKNcZGHI8phNHUrFEX@6c48a","e8YmaKNcZGHI8phNHUrFEX@f9941","e879XBZOdP9I6rigUN3+0r@6c48a","e879XBZOdP9I6rigUN3+0r@f9941","e9Djz8G9dB87DM5LDzt2AQ","f0agj6AsJFCpSOefEiC0rq@6c48a","f0agj6AsJFCpSOefEiC0rq@f9941","f2IiBtu2tKtaNgUq/6ZWZM","f3BTQTMstLjKnSKJF7yhRc@6c48a","f3BTQTMstLjKnSKJF7yhRc@f9941","f3Epns8sFF8rBmdRX0TPlW@6c48a","f3Epns8sFF8rBmdRX0TPlW@f9941","f8OC02MPtA8qQEMhKGHaXl@6c48a","f8OC02MPtA8qQEMhKGHaXl@f9941","faaBMBzI5N+ZjNlU/0h02V","fadbRYEatMBppxNgsoWjVc","fcMVm4U95DI59k+9kpSHoM@6c48a","fcMVm4U95DI59k+9kpSHoM@f9941","fclLv78fdAQrtfCe3a6DYC@6c48a","fclLv78fdAQrtfCe3a6DYC@f9941","fcs9vyMfRA77T6drMLfst9@6c48a","fcs9vyMfRA77T6drMLfst9@f9941","fdWMwZUspAX5SFpD476bjJ@6c48a","fdWMwZUspAX5SFpD476bjJ@f9941","fdXdIRaTBLnZzc62xJWItE","feyWUkkBdDU5HMT8kmgIf6@6c48a","feyWUkkBdDU5HMT8kmgIf6@f9941","ffISs/Q3dO9oYdwoMBdZee@6c48a","ffISs/Q3dO9oYdwoMBdZee@f9941","ff58X7x5VLP4EmWJ3bPAcn@6c48a","ff58X7x5VLP4EmWJ3bPAcn@f9941","0498e2620","0b6bf9677","0bfe6c998","0cf77855f","0f1681344","20g1ukYUVPvKWKBRznAKo+@6c48a","20g1ukYUVPvKWKBRznAKo+@f9941","54TknWPwVPqJqeCR+Y/Czo@6c48a","54TknWPwVPqJqeCR+Y/Czo@f9941","7dj5uJT9FMn6OrOOx83tfK@6c48a","7dj5uJT9FMn6OrOOx83tfK@f9941","95EkngnxZFbYuFpsqVTaFr@6c48a","95EkngnxZFbYuFpsqVTaFr@f9941"],"paths":{"0":["playingCards/34",0],"1":["new/takeseat",0],"2":["playingCards/4",0],"3":["new/table",0],"4":["new/cha8",0],"5":["new/trophy",0],"6":["new/chips1",0],"7":["new/select ring",0],"8":["playingCards/46",0],"9":["new/ch_10",0],"10":["new/icon",0],"11":["playingCards/29",0],"12":["new/min_btn",0],"13":["new/sb",0],"14":["playingCards/15",0],"15":["new/contentsbox",0],"16":["playingCards/14",0],"17":["new/cir2",0],"18":["playingCards/42",0],"19":["new/bg",0],"20":["new/min",0],"21":["playingCards/22",0],"22":["playingCards/45",0],"23":["new/cha6",0],"24":["Icon",0],"25":["new/slider",0],"26":["new/D",0],"27":["new/ani3",0],"28":["playingCards/25",0],"29":["playingCards/28",0],"30":["new/arrowRight",0],"31":["winner",0],"32":["new/DSEG7Bold",4],"33":["new/auto_btn",0],"34":["playingCards/11",0],"35":["new/cha7",0],"36":["playingCards/13",0],"37":["playingCards/3",0],"38":["playingCards/17",0],"39":["new/act1",0],"40":["new/hacdcard_sha",0],"41":["new/communityCard_fale",0],"42":["playingCards/9",0],"43":["new/drawBg",0],"44":["new/act_value",0],"45":["playingCards/0",0],"46":["playingCards/10",0],"47":["playingCards/19",0],"48":["playingCards/23",0],"49":["new/arrowLeft",0],"50":["playingCards/16",0],"51":["playingCards/27",0],"52":["playingCards/43",0],"53":["new/place_cash",0],"54":["new/notice_bg",0],"55":["new/exit",0],"56":["playingCards/37",0],"57":["new/ch_50",0],"58":["new/pot_value",0],"59":["new/bet",0],"60":["playingCards/2",0],"61":["new/pro",0],"62":["new/avataRing",0],"63":["playingCards/7",0],"64":["new/sir2",0],"65":["new/btn",0],"66":["new/ch_500",0],"67":["new/ch_1",0],"68":["new/sound_on",0],"69":["playingCards/31",0],"70":["new/chips4",0],"71":["playingCards/32",0],"72":["new/sound_off",0],"73":["new/missbb",0],"74":["new/trans",0],"75":["playingCards/50",0],"76":["new/yes_btn",0],"77":["new/purchase",0],"78":["new/check_btn",0],"79":["new/ch_25",0],"80":["new/rank",0],"81":["new/misssb",0],"82":["new/cha3",0],"83":["new/ch_5K",0],"84":["new/ch_0",0],"85":["playingCards/5",0],"86":["new/sir",0],"87":["playingCards/52",0],"88":["new/table2",0],"89":["playingCards/8",0],"90":["new/value_box",0],"91":["new/ticket",0],"92":["new/ch_1K",0],"93":["playingCards/49",0],"94":["new/buyin_slide2",0],"95":["new/cha9",0],"96":["playingCards/24",0],"97":["playingCards/21",0],"98":["new/cha2",0],"99":["new/reserve",0],"100":["playingCards/33",0],"101":["playingCards/30",0],"102":["playingCards/12",0],"103":["new/u1",0],"104":["new/fold",0],"105":["playingCards/51",0],"106":["new/button",0],"107":["new/ch_100",0],"108":["new/hacdcard_win",0],"109":["playingCards/35",0],"110":["playingCards/36",0],"111":["new/u",0],"112":["new/no_btn",0],"113":["new/ok_btn",0],"114":["new/pot_box",0],"115":["new/cha1",0],"116":["playingCards/44",0],"117":["playingCards/48",0],"118":["new/cha5",0],"119":["new/bg-",0],"120":["playingCards/1",0],"121":["playingCards/26",0],"122":["adminBackground",0],"123":["playingCards/38",0],"124":["playingCards/47",0],"125":["new/user",0],"126":["new/potcount",0],"127":["new/max_btn",0],"128":["playingCards/41",0],"129":["new/cha4",0],"130":["new/buyin",0],"131":["new/chips5",0],"132":["playingCards/39",0],"133":["playingCards/20",0],"134":["new/bar",0],"135":["new/button2",0],"136":["playingCards/18",0],"137":["new/frame",0],"138":["new/chs",0],"139":["new/chips3",0],"140":["playingCards/6",0],"141":["new/bb",0],"142":["new/close",0],"143":["new/ch_5",0],"144":["new/comunityBg",0],"145":["new/full",0],"146":["new/winBg",0],"147":["new/chips2",0],"148":["playingCards/40",0],"149":["playingCards/34/texture",1,1],"150":["playingCards/34/spriteFrame",2,1],"151":["new/takeseat/texture",1,1],"152":["new/takeseat/spriteFrame",2,1],"153":["prefabs/AudioManager",3],"154":["playingCards/4/texture",1,1],"155":["playingCards/4/spriteFrame",2,1],"156":["new/table/texture",1,1],"157":["new/table/spriteFrame",2,1],"158":["new/cha8/texture",1,1],"159":["new/cha8/spriteFrame",2,1],"160":["new/trophy/texture",1,1],"161":["new/trophy/spriteFrame",2,1],"162":["new/chips1/texture",1,1],"163":["new/chips1/spriteFrame",2,1],"164":["new/select ring/texture",1,1],"165":["new/select ring/spriteFrame",2,1],"166":["playingCards/46/texture",1,1],"167":["playingCards/46/spriteFrame",2,1],"168":["new/ch_10/texture",1,1],"169":["new/ch_10/spriteFrame",2,1],"170":["new/icon/texture",1,1],"171":["new/icon/spriteFrame",2,1],"172":["playingCards/29/texture",1,1],"173":["playingCards/29/spriteFrame",2,1],"174":["new/min_btn/texture",1,1],"175":["new/min_btn/spriteFrame",2,1],"176":["new/sb/texture",1,1],"177":["new/sb/spriteFrame",2,1],"178":["playingCards/15/texture",1,1],"179":["playingCards/15/spriteFrame",2,1],"180":["new/contentsbox/texture",1,1],"181":["new/contentsbox/spriteFrame",2,1],"182":["playingCards/14/texture",1,1],"183":["playingCards/14/spriteFrame",2,1],"184":["new/cir2/texture",1,1],"185":["new/cir2/spriteFrame",2,1],"186":["playingCards/42/texture",1,1],"187":["playingCards/42/spriteFrame",2,1],"188":["new/bg/texture",1,1],"189":["new/bg/spriteFrame",2,1],"191":["new/min/texture",1,1],"192":["new/min/spriteFrame",2,1],"193":["playingCards/22/texture",1,1],"194":["playingCards/22/spriteFrame",2,1],"195":["playingCards/45/texture",1,1],"196":["playingCards/45/spriteFrame",2,1],"197":["new/cha6/texture",1,1],"198":["new/cha6/spriteFrame",2,1],"200":["Icon/texture",1,1],"201":["Icon/spriteFrame",2,1],"203":["new/slider/texture",1,1],"204":["new/slider/spriteFrame",2,1],"205":["new/D/texture",1,1],"206":["new/D/spriteFrame",2,1],"207":["new/ani3/texture",1,1],"208":["new/ani3/spriteFrame",2,1],"209":["playingCards/25/texture",1,1],"210":["playingCards/25/spriteFrame",2,1],"211":["playingCards/28/texture",1,1],"212":["playingCards/28/spriteFrame",2,1],"213":["new/arrowRight/texture",1,1],"214":["new/arrowRight/spriteFrame",2,1],"215":["winner/texture",1,1],"216":["winner/spriteFrame",2,1],"217":["prefabs/buyIn",3],"218":["new/auto_btn/texture",1,1],"219":["new/auto_btn/spriteFrame",2,1],"220":["playingCards/11/texture",1,1],"221":["playingCards/11/spriteFrame",2,1],"222":["new/cha7/texture",1,1],"223":["new/cha7/spriteFrame",2,1],"224":["playingCards/13/texture",1,1],"225":["playingCards/13/spriteFrame",2,1],"226":["playingCards/3/texture",1,1],"227":["playingCards/3/spriteFrame",2,1],"228":["prefabs/pass",3],"229":["playingCards/17/texture",1,1],"230":["playingCards/17/spriteFrame",2,1],"231":["new/act1/texture",1,1],"232":["new/act1/spriteFrame",2,1],"233":["new/hacdcard_sha/texture",1,1],"234":["new/hacdcard_sha/spriteFrame",2,1],"235":["new/communityCard_fale/texture",1,1],"236":["new/communityCard_fale/spriteFrame",2,1],"237":["playingCards/9/texture",1,1],"238":["playingCards/9/spriteFrame",2,1],"239":["new/drawBg/texture",1,1],"240":["new/drawBg/spriteFrame",2,1],"241":["new/act_value/texture",1,1],"242":["new/act_value/spriteFrame",2,1],"244":["playingCards/0/texture",1,1],"245":["playingCards/0/spriteFrame",2,1],"246":["playingCards/10/texture",1,1],"247":["playingCards/10/spriteFrame",2,1],"248":["playingCards/19/texture",1,1],"249":["playingCards/19/spriteFrame",2,1],"250":["playingCards/23/texture",1,1],"251":["playingCards/23/spriteFrame",2,1],"252":["new/arrowLeft/texture",1,1],"253":["new/arrowLeft/spriteFrame",2,1],"254":["playingCards/16/texture",1,1],"255":["playingCards/16/spriteFrame",2,1],"256":["playingCards/27/texture",1,1],"257":["playingCards/27/spriteFrame",2,1],"258":["playingCards/43/texture",1,1],"259":["playingCards/43/spriteFrame",2,1],"260":["new/place_cash/texture",1,1],"261":["new/place_cash/spriteFrame",2,1],"263":["new/notice_bg/texture",1,1],"264":["new/notice_bg/spriteFrame",2,1],"265":["new/exit/texture",1,1],"266":["new/exit/spriteFrame",2,1],"267":["playingCards/37/texture",1,1],"268":["playingCards/37/spriteFrame",2,1],"269":["new/ch_50/texture",1,1],"270":["new/ch_50/spriteFrame",2,1],"271":["new/pot_value/texture",1,1],"272":["new/pot_value/spriteFrame",2,1],"273":["new/bet/texture",1,1],"274":["new/bet/spriteFrame",2,1],"275":["playingCards/2/texture",1,1],"276":["playingCards/2/spriteFrame",2,1],"277":["new/pro/texture",1,1],"278":["new/pro/spriteFrame",2,1],"279":["new/avataRing/texture",1,1],"280":["new/avataRing/spriteFrame",2,1],"281":["playingCards/7/texture",1,1],"282":["playingCards/7/spriteFrame",2,1],"284":["new/sir2/texture",1,1],"285":["new/sir2/spriteFrame",2,1],"286":["new/btn/texture",1,1],"287":["new/btn/spriteFrame",2,1],"288":["new/ch_500/texture",1,1],"289":["new/ch_500/spriteFrame",2,1],"290":["new/ch_1/texture",1,1],"291":["new/ch_1/spriteFrame",2,1],"292":["new/sound_on/texture",1,1],"293":["new/sound_on/spriteFrame",2,1],"294":["playingCards/31/texture",1,1],"295":["playingCards/31/spriteFrame",2,1],"296":["new/chips4/texture",1,1],"297":["new/chips4/spriteFrame",2,1],"298":["playingCards/32/texture",1,1],"299":["playingCards/32/spriteFrame",2,1],"301":["new/sound_off/texture",1,1],"302":["new/sound_off/spriteFrame",2,1],"303":["new/missbb/texture",1,1],"304":["new/missbb/spriteFrame",2,1],"305":["new/trans/texture",1,1],"306":["new/trans/spriteFrame",2,1],"307":["playingCards/50/texture",1,1],"308":["playingCards/50/spriteFrame",2,1],"309":["new/yes_btn/texture",1,1],"310":["new/yes_btn/spriteFrame",2,1],"311":["prefabs/playerAction",3],"312":["new/purchase/texture",1,1],"313":["new/purchase/spriteFrame",2,1],"315":["new/check_btn/texture",1,1],"316":["new/check_btn/spriteFrame",2,1],"317":["new/ch_25/texture",1,1],"318":["new/ch_25/spriteFrame",2,1],"319":["new/rank/texture",1,1],"320":["new/rank/spriteFrame",2,1],"321":["new/misssb/texture",1,1],"322":["new/misssb/spriteFrame",2,1],"324":["new/cha3/texture",1,1],"325":["new/cha3/spriteFrame",2,1],"326":["new/ch_5K/texture",1,1],"327":["new/ch_5K/spriteFrame",2,1],"328":["new/ch_0/texture",1,1],"329":["new/ch_0/spriteFrame",2,1],"330":["playingCards/5/texture",1,1],"331":["playingCards/5/spriteFrame",2,1],"332":["new/sir/texture",1,1],"333":["new/sir/spriteFrame",2,1],"334":["playingCards/52/texture",1,1],"335":["playingCards/52/spriteFrame",2,1],"336":["new/table2/texture",1,1],"337":["new/table2/spriteFrame",2,1],"338":["playingCards/8/texture",1,1],"339":["playingCards/8/spriteFrame",2,1],"340":["new/value_box/texture",1,1],"341":["new/value_box/spriteFrame",2,1],"342":["new/ticket/texture",1,1],"343":["new/ticket/spriteFrame",2,1],"344":["new/ch_1K/texture",1,1],"345":["new/ch_1K/spriteFrame",2,1],"346":["playingCards/49/texture",1,1],"347":["playingCards/49/spriteFrame",2,1],"350":["new/buyin_slide2/texture",1,1],"351":["new/buyin_slide2/spriteFrame",2,1],"352":["new/cha9/texture",1,1],"353":["new/cha9/spriteFrame",2,1],"354":["playingCards/24/texture",1,1],"355":["playingCards/24/spriteFrame",2,1],"356":["playingCards/21/texture",1,1],"357":["playingCards/21/spriteFrame",2,1],"358":["new/cha2/texture",1,1],"359":["new/cha2/spriteFrame",2,1],"360":["new/reserve/texture",1,1],"361":["new/reserve/spriteFrame",2,1],"362":["playingCards/33/texture",1,1],"363":["playingCards/33/spriteFrame",2,1],"364":["playingCards/30/texture",1,1],"365":["playingCards/30/spriteFrame",2,1],"366":["playingCards/12/texture",1,1],"367":["playingCards/12/spriteFrame",2,1],"368":["new/u1/texture",1,1],"369":["new/u1/spriteFrame",2,1],"370":["new/fold/texture",1,1],"371":["new/fold/spriteFrame",2,1],"372":["playingCards/51/texture",1,1],"373":["playingCards/51/spriteFrame",2,1],"375":["new/button/texture",1,1],"376":["new/button/spriteFrame",2,1],"377":["new/ch_100/texture",1,1],"378":["new/ch_100/spriteFrame",2,1],"379":["new/hacdcard_win/texture",1,1],"380":["new/hacdcard_win/spriteFrame",2,1],"381":["playingCards/35/texture",1,1],"382":["playingCards/35/spriteFrame",2,1],"383":["playingCards/36/texture",1,1],"384":["playingCards/36/spriteFrame",2,1],"385":["new/u/texture",1,1],"386":["new/u/spriteFrame",2,1],"388":["new/no_btn/texture",1,1],"389":["new/no_btn/spriteFrame",2,1],"390":["new/ok_btn/texture",1,1],"391":["new/ok_btn/spriteFrame",2,1],"392":["new/pot_box/texture",1,1],"393":["new/pot_box/spriteFrame",2,1],"395":["new/cha1/texture",1,1],"396":["new/cha1/spriteFrame",2,1],"397":["playingCards/44/texture",1,1],"398":["playingCards/44/spriteFrame",2,1],"399":["playingCards/48/texture",1,1],"400":["playingCards/48/spriteFrame",2,1],"401":["new/cha5/texture",1,1],"402":["new/cha5/spriteFrame",2,1],"403":["new/bg-/texture",1,1],"404":["new/bg-/spriteFrame",2,1],"405":["playingCards/1/texture",1,1],"406":["playingCards/1/spriteFrame",2,1],"407":["playingCards/26/texture",1,1],"408":["playingCards/26/spriteFrame",2,1],"409":["adminBackground/texture",1,1],"410":["adminBackground/spriteFrame",2,1],"411":["playingCards/38/texture",1,1],"412":["playingCards/38/spriteFrame",2,1],"414":["playingCards/47/texture",1,1],"415":["playingCards/47/spriteFrame",2,1],"416":["new/user/texture",1,1],"417":["new/user/spriteFrame",2,1],"418":["new/potcount/texture",1,1],"419":["new/potcount/spriteFrame",2,1],"420":["prefabs/entity-left",3],"421":["new/max_btn/texture",1,1],"422":["new/max_btn/spriteFrame",2,1],"423":["playingCards/41/texture",1,1],"424":["playingCards/41/spriteFrame",2,1],"425":["new/cha4/texture",1,1],"426":["new/cha4/spriteFrame",2,1],"427":["new/buyin/texture",1,1],"428":["new/buyin/spriteFrame",2,1],"429":["new/chips5/texture",1,1],"430":["new/chips5/spriteFrame",2,1],"431":["playingCards/39/texture",1,1],"432":["playingCards/39/spriteFrame",2,1],"433":["playingCards/20/texture",1,1],"434":["playingCards/20/spriteFrame",2,1],"435":["new/bar/texture",1,1],"436":["new/bar/spriteFrame",2,1],"437":["new/button2/texture",1,1],"438":["new/button2/spriteFrame",2,1],"439":["playingCards/18/texture",1,1],"440":["playingCards/18/spriteFrame",2,1],"441":["new/frame/texture",1,1],"442":["new/frame/spriteFrame",2,1],"444":["new/chs/texture",1,1],"445":["new/chs/spriteFrame",2,1],"447":["new/chips3/texture",1,1],"448":["new/chips3/spriteFrame",2,1],"449":["playingCards/6/texture",1,1],"450":["playingCards/6/spriteFrame",2,1],"451":["new/bb/texture",1,1],"452":["new/bb/spriteFrame",2,1],"454":["prefabs/login",3],"455":["new/close/texture",1,1],"456":["new/close/spriteFrame",2,1],"457":["new/ch_5/texture",1,1],"458":["new/ch_5/spriteFrame",2,1],"459":["new/comunityBg/texture",1,1],"460":["new/comunityBg/spriteFrame",2,1],"461":["new/full/texture",1,1],"462":["new/full/spriteFrame",2,1],"464":["new/winBg/texture",1,1],"465":["new/winBg/spriteFrame",2,1],"466":["new/chips2/texture",1,1],"467":["new/chips2/spriteFrame",2,1],"468":["playingCards/40/texture",1,1],"469":["playingCards/40/spriteFrame",2,1]},"scenes":{},"packs":{"0bfe6c998":["7","8","9","10","11","12","17","18","19","1","26","27","35","36","2","39","3","40","41","42","43","49","50","51","52","60","61","62","63","69","70","300","71","72","81","80","82","83","84","85","86","87","100","101","102","103","13","0","15","21","24","25","29","31","34","44","45","46","53","55","57","59","5","64","65","66","91","93","95","14","20","23","28","33","38","243","54","67","68","73","77","78","88","90","94","98","30","47","48","4","75","76","97","190","56","58","79","89","92","99","22","6","349","74","16","37","96","107","105","109","111","104","106","108","110","112","113","114","115","116","118","120","119","117","121","124","123","122","125","126","127","128","129","130","131","132","133","137","134","135","136","138","141","140","139","143","142","144","145","146","147","148"],"0498e2620":["153","199","202","262","283","314","323","348","374","387","394","413","443","446","453","463"],"0f1681344":["476","478","482"],"0cf77855f":["480","454"],"0b6bf9677":["164","166","168","170","172","174","184","186","188","151","205","207","222","224","154","231","156","233","235","237","239","252","254","256","258","275","277","279","281","294","296","479","298","301","321","319","324","326","328","330","332","334","362","364","366","368","176","149","180","193","200","203","211","215","220","241","244","246","260","265","269","273","160","284","286","288","342","346","352","178","191","197","209","218","229","477","263","290","292","303","312","315","336","340","350","358","213","248","250","158","307","309","356","475","267","271","317","338","344","360","195","162","481","305","182","226","354","377","372","381","385","370","375","379","383","388","390","392","395","397","401","405","403","399","407","414","411","409","416","418","421","423","425","427","429","431","433","441","435","437","439","444","451","449","447","457","455","459","461","464","466","468"]},"versions":{"import":[150,"33c17",152,"6ce66",155,"887a5",470,"6067b",157,"6b197",159,"4668a",161,"a3de7",163,"bd753",471,"3abbd",472,"1b916",165,"74c8c",473,"768c0",167,"daef2",169,"2d0af",171,"0f547",173,"47bd6",175,"abd59",474,"c2dad",177,"9eb2c",179,"02261",181,"5404a",183,"c847c",185,"806c9",187,"9f55d",189,"a21c3",192,"634e2",194,"96212",196,"50864",198,"d7b14",201,"01cac",204,"5348c",206,"ddc79",208,"44575",210,"52115",212,"37a55",214,"9cdf8",216,"e34cc",32,"fd972",217,"29633",219,"612da",221,"0a546",223,"a47b2",225,"a360a",227,"74e2a",228,"fa0c8",230,"a94ef",232,"909a0",234,"be3d5",236,"005c2",238,"f1154",240,"de6c7",242,"93956",245,"9beae",247,"00b2a",249,"86048",251,"365e8",253,"bc318",255,"9378a",257,"f6a11",259,"719db",261,"15ca4",264,"c2c9d",266,"52282",268,"ab88a",270,"97486",272,"be92a",274,"81424",276,"a8b25",278,"78703",280,"02626",282,"aa23a",285,"8aa9e",287,"54e3b",289,"29ecf",291,"bd5a0",293,"6f14e",295,"2aaaa",297,"c2a7a",299,"caebc",302,"faf2e",304,"1a0e6",306,"9ce0c",308,"7e2d5",310,"04aa9",311,"972db",313,"47768",316,"bd35a",318,"f64bb",320,"726f9",322,"deec3",325,"85801",327,"70808",329,"135b2",331,"a786c",333,"52873",335,"24d0f",337,"94455",339,"2a717",341,"7d5a9",343,"6a964",345,"32ea1",347,"67e5f",351,"7452d",353,"991bd",355,"8e3cf",357,"e3d3f",359,"e9b56",361,"6e9f2",363,"33a54",365,"5be3e",367,"81101",369,"4d001",371,"a44a1",373,"5bb7f",376,"25ca6",378,"2259c",380,"85428",382,"35816",384,"2326f",386,"7ab9a",389,"5f6e3",391,"71106",393,"62ff5",396,"dd48c",398,"b728b",400,"c39e4",402,"f4ba9",404,"232dd",406,"a2374",408,"cb38f",410,"43221",412,"4f4c4",415,"c358c",417,"a430b",419,"a4b08",420,"95ecb",422,"4fa41",424,"e3fb7",426,"31eb4",428,"054c1",430,"fa023",432,"6ce57",434,"41239",436,"ac288",438,"dc43b",440,"b9f27",442,"1b9a4",445,"0a01a",448,"b4b84",450,"de5e3",452,"87d5b",456,"befa2",458,"d0900",460,"764d6",462,"20314",465,"fa000",467,"6240d",469,"36576"],"native":[0,"b567f",1,"c3ad8",2,"885ce",3,"6fe69",4,"04985",5,"aeac2",6,"641af",7,"a6588",8,"df708",9,"f675e",10,"fd8cd",11,"4cb66",12,"f7200",13,"9d41b",14,"c1d40",15,"fa9fd",16,"75c93",17,"48766",18,"5c412",19,"99ff8",190,"90cf4",20,"36e7f",21,"19676",22,"ddfba",23,"2d92b",199,"18fb2",24,"ce07c",202,"10491",25,"4a65d",26,"0dbf3",27,"ab8ee",28,"f5630",29,"fbb2f",30,"2325f",31,"8a3a1",33,"39ec7",34,"0a170",35,"7c740",36,"5b7f6",37,"fd42e",38,"17d4a",39,"6d064",40,"be737",41,"976dc",42,"9b454",43,"3f5df",44,"acb75",243,"83fcc",45,"8ddd9",46,"87e2a",47,"6d080",48,"dbb9b",49,"0dff1",50,"15578",51,"6e075",52,"d143d",53,"1541d",262,"5c98f",54,"23aad",55,"a15ba",56,"502e4",57,"fad5a",58,"07fd7",59,"5e948",60,"46668",61,"eb3bc",62,"db0cd",63,"ed4ce",283,"7d61b",64,"94a9d",65,"6d0d9",66,"42c7b",67,"5f7aa",68,"e0672",69,"5733a",70,"de6fb",71,"54a4c",300,"cea68",72,"ac73e",73,"ab364",74,"b364f",75,"31483",76,"a0528",77,"d60b7",314,"19fdb",78,"a26fe",79,"e24a8",80,"710a8",81,"d177e",323,"799eb",82,"5bc12",83,"48346",84,"f1bb9",85,"652a9",86,"3ac1b",87,"c9bcd",88,"20684",89,"8a349",90,"cf64e",91,"729c1",92,"42454",93,"aa3e1",348,"c0607",349,"c06a9",94,"b29aa",95,"98bc7",96,"509b9",97,"5dcad",98,"b7b08",99,"40e28",100,"b7e04",101,"ce893",102,"49a6b",103,"f3272",104,"3e703",105,"77909",374,"69ef6",106,"94984",107,"3eccd",108,"847be",109,"4446c",110,"da522",111,"873bb",387,"a4379",112,"f7fbd",113,"3f6f0",114,"48e4a",394,"13d90",115,"de062",116,"83c5c",117,"ea772",118,"2426e",119,"7cf7e",120,"9cd2a",121,"a4d76",122,"ea1ab",123,"71f85",413,"6711b",124,"32371",125,"a7ff9",126,"9e7c6",127,"beac5",128,"3fdcf",129,"2396f",130,"26d45",131,"f217e",132,"133b9",133,"8d8e2",134,"00147",135,"ca5bc",136,"43ca5",137,"09a4c",443,"4862a",138,"5c666",446,"b85ad",139,"0087d",140,"b3789",141,"b5da7",453,"7f011",142,"a8f08",143,"ce968",144,"50682",145,"dbe9b",463,"0cf09",146,"be0df",147,"e9139",148,"f1fa7",32,"e7008"]},"redirect":[],"debug":false,"types":["cc.ImageAsset","cc.Texture2D","cc.SpriteFrame","cc.Prefab","cc.TTFFont"]}